-- MySQL dump 10.13  Distrib 8.0.43, for Win64 (x86_64)
--
-- Host: localhost    Database: bde_system_db
-- ------------------------------------------------------
-- Server version	8.0.17

/*!40101 SET @OLD_CHARACTER_SET_CLIENT=@@CHARACTER_SET_CLIENT */;
/*!40101 SET @OLD_CHARACTER_SET_RESULTS=@@CHARACTER_SET_RESULTS */;
/*!40101 SET @OLD_COLLATION_CONNECTION=@@COLLATION_CONNECTION */;
/*!50503 SET NAMES utf8 */;
/*!40103 SET @OLD_TIME_ZONE=@@TIME_ZONE */;
/*!40103 SET TIME_ZONE='+00:00' */;
/*!40014 SET @OLD_UNIQUE_CHECKS=@@UNIQUE_CHECKS, UNIQUE_CHECKS=0 */;
/*!40014 SET @OLD_FOREIGN_KEY_CHECKS=@@FOREIGN_KEY_CHECKS, FOREIGN_KEY_CHECKS=0 */;
/*!40101 SET @OLD_SQL_MODE=@@SQL_MODE, SQL_MODE='NO_AUTO_VALUE_ON_ZERO' */;
/*!40111 SET @OLD_SQL_NOTES=@@SQL_NOTES, SQL_NOTES=0 */;

--
-- Table structure for table `account_call_tb`
--

DROP TABLE IF EXISTS `account_call_tb`;
/*!40101 SET @saved_cs_client     = @@character_set_client */;
/*!50503 SET character_set_client = utf8mb4 */;
CREATE TABLE `account_call_tb` (
  `Acc_ID` varchar(45) NOT NULL,
  `Si_ID` varchar(45) DEFAULT NULL,
  `Acc_Fullname` varchar(455) DEFAULT NULL,
  `Acc_Username` varchar(45) DEFAULT NULL,
  `Acc_Password` varchar(455) DEFAULT NULL,
  `Acc_Telephone_One` varchar(45) DEFAULT NULL,
  `Acc_Telephone_Two` varchar(45) DEFAULT NULL,
  `Acc_Email` varchar(455) DEFAULT NULL,
  `Acc_Line` varchar(455) DEFAULT NULL,
  `Acc_Age` varchar(45) DEFAULT NULL,
  `Acc_Gender` varchar(45) DEFAULT NULL,
  `Acc_Start` varchar(45) DEFAULT NULL,
  `Acc_Stop` varchar(45) DEFAULT NULL,
  `Acc_Activate` varchar(45) DEFAULT NULL,
  `Acc_Rule` varchar(45) DEFAULT NULL,
  `Acc_Status` varchar(45) DEFAULT NULL,
  `Acc_Team` varchar(45) DEFAULT NULL,
  `Acc_Picture` varchar(455) DEFAULT NULL,
  `Acc_RuleAccount` varchar(45) DEFAULT NULL,
  `Acc_RuleSite` varchar(45) DEFAULT NULL,
  `Acc_RuleService` varchar(45) DEFAULT NULL,
  `Acc_RuleCallcenter` varchar(45) DEFAULT NULL,
  `Acc_RuleProfile` varchar(45) DEFAULT NULL,
  `Acc_Signature_A` varchar(45) DEFAULT NULL,
  `Acc_Signature_B` varchar(45) DEFAULT NULL,
  `Acc_Signature_C` varchar(45) DEFAULT NULL,
  PRIMARY KEY (`Acc_ID`)
) ENGINE=InnoDB DEFAULT CHARSET=utf8mb4 COLLATE=utf8mb4_0900_ai_ci;
/*!40101 SET character_set_client = @saved_cs_client */;

--
-- Dumping data for table `account_call_tb`
--

LOCK TABLES `account_call_tb` WRITE;
/*!40000 ALTER TABLE `account_call_tb` DISABLE KEYS */;
INSERT INTO `account_call_tb` VALUES ('Acc-0001','Si999','Admin-system','admin','88ac3a76a8ed9c38d456955460ecdce1870ed12d',NULL,NULL,NULL,NULL,NULL,NULL,'2025-11-24','2028-11-15','Actived','Admin','Online','System','Uploads/Profiles/Acc-0001-profile.png','Allow','Allow','Allow','Allow','Allow',NULL,NULL,NULL);
/*!40000 ALTER TABLE `account_call_tb` ENABLE KEYS */;
UNLOCK TABLES;

--
-- Table structure for table `device_tb`
--

DROP TABLE IF EXISTS `device_tb`;
/*!40101 SET @saved_cs_client     = @@character_set_client */;
/*!50503 SET character_set_client = utf8mb4 */;
CREATE TABLE `device_tb` (
  `Dev_ID` varchar(45) NOT NULL,
  `Dev_Brand` varchar(45) DEFAULT NULL,
  `Dev_Model` varchar(45) DEFAULT NULL,
  `Dev_Code` varchar(45) DEFAULT NULL,
  `Dev_Serial` varchar(45) DEFAULT NULL,
  `Dev_Status` varchar(45) DEFAULT NULL,
  `Dev_Picture` varchar(200) DEFAULT NULL,
  PRIMARY KEY (`Dev_ID`)
) ENGINE=InnoDB DEFAULT CHARSET=utf8mb4 COLLATE=utf8mb4_0900_ai_ci;
/*!40101 SET character_set_client = @saved_cs_client */;

--
-- Dumping data for table `device_tb`
--

LOCK TABLES `device_tb` WRITE;
/*!40000 ALTER TABLE `device_tb` DISABLE KEYS */;
INSERT INTO `device_tb` VALUES ('Dev_001','Lenovo','ThinkCentre neo 50a 24 Gen 5','DEP4-AIO-LNV','Yes',NULL,NULL),('Dev_002','TP-Link',' AP9665','DEP4-AP','Yes',NULL,NULL),('Dev_003','NetEvid',' V120','DEP4-LOG','Yes',NULL,NULL),('Dev_004','TP-Link','TL-SG1016D','L2 Switch ','Yes',NULL,NULL),('Dev_005','Brother','DCP-T730DW','Printer','Yes',NULL,NULL),('Dev_006','Family','LED65D-T2','DEP4-TV65','Yes',NULL,NULL),('Dev_007','THK','THK-1200','DEP4-Tvstand','No',NULL,NULL),('Dev_008','THK','THK','DEP4-Phototable','No',NULL,NULL),('Dev_009','CKMOVA','Vocal X VI','DEP4-MicWireless','No',NULL,NULL),('Dev_010','THK','THK','DEP4-TripodCAM','No',NULL,NULL),('Dev_011','THK','THK','DEP4-LightStudioSet','No',NULL,NULL),('Dev_012','Hikvision','DS-2CD3721G2-IZS','DEP4-CCTV-Hik','Yes',NULL,NULL),('Dev_013','THK','THK','DEP4-Counter','No',NULL,NULL),('Dev_014','THK','THK','DEP4-Label','No',NULL,NULL),('Dev_015','THK','THK','DEP4-Chair','No',NULL,NULL),('Dev_016','THK','THK','DEP4-Comtable','No',NULL,NULL),('Dev_017','THK','THK','DEP4-Partitionset','No',NULL,NULL),('Dev_018','Tasaki','FUNE30-AF2 / CHBE30-AF1R','DEP4-AIR30K-TSK','Yes',NULL,NULL),('Dev_019','Apacer','64GB','DEP4-Sdcard64','No',NULL,NULL),('Dev_020','Logitech','MX Brio 705','DEP4-Webcam','Yes',NULL,NULL),('Dev_021','THK','THK','DEP4-Meeting','No',NULL,NULL),('Dev_022','Pape','A4','DEP4-PaperA4','No',NULL,NULL),('Dev_023','THK','ตู้ Rack 6U','DEP4-Rack','No',NULL,NULL),('Dev_024','ConsumerUnit','CTU-C6 CTM1-63c2P50A 1P16A/3 32A/3','DEP4-ConsumerUnit','No',NULL,NULL),('Dev_025','Meter','DEP4-Meter','DEP4-Meter','No',NULL,NULL),('Dev_026','Brother',' Ink','DEP4-Ink','No',NULL,NULL);
/*!40000 ALTER TABLE `device_tb` ENABLE KEYS */;
UNLOCK TABLES;

--
-- Table structure for table `repair_tb`
--

DROP TABLE IF EXISTS `repair_tb`;
/*!40101 SET @saved_cs_client     = @@character_set_client */;
/*!50503 SET character_set_client = utf8mb4 */;
CREATE TABLE `repair_tb` (
  `Rep_ID` varchar(45) NOT NULL,
  `Rep_Ticket` varchar(45) DEFAULT NULL,
  `Rep_Device` varchar(45) DEFAULT NULL,
  `Rep_Serial` varchar(45) DEFAULT NULL,
  `Rep_User` varchar(45) DEFAULT NULL,
  `Rep_Tel` varchar(45) DEFAULT NULL,
  `Rep_Problem` varchar(500) DEFAULT NULL,
  `Rep_Edit` varchar(500) DEFAULT NULL,
  `Rep_Remark` varchar(500) DEFAULT NULL,
  `Rep_Image` varchar(200) DEFAULT NULL,
  `Rep_Video` varchar(200) DEFAULT NULL,
  `Si_ID` varchar(45) DEFAULT NULL,
  `Rep_DateCreate` varchar(45) DEFAULT NULL,
  `Rep_DateVerify` varchar(45) DEFAULT NULL,
  `Rep_DateEdit` varchar(45) DEFAULT NULL,
  `Rep_DateComplete` varchar(45) DEFAULT NULL,
  `Rep_CreateBy` varchar(45) DEFAULT NULL,
  `Rep_VerifyBy` varchar(45) DEFAULT NULL,
  `Rep_EditBy` varchar(45) DEFAULT NULL,
  `Rep_CompleteBy` varchar(45) DEFAULT NULL,
  `Rep_Category` varchar(45) DEFAULT NULL,
  `Rep_Status` varchar(45) DEFAULT NULL,
  `Rep_LastAction` varchar(45) DEFAULT NULL,
  `Rep_NextAction` varchar(45) DEFAULT NULL,
  `Rep_SamID` varchar(45) DEFAULT NULL,
  PRIMARY KEY (`Rep_ID`)
) ENGINE=InnoDB DEFAULT CHARSET=utf8mb4 COLLATE=utf8mb4_0900_ai_ci;
/*!40101 SET character_set_client = @saved_cs_client */;

--
-- Dumping data for table `repair_tb`
--

LOCK TABLES `repair_tb` WRITE;
/*!40000 ALTER TABLE `repair_tb` DISABLE KEYS */;
INSERT INTO `repair_tb` VALUES ('Rep-0001','40520420322244','DEP4-Phototable','DDd','dd','ddd','sssss',NULL,NULL,'','','Si003','2026-02-10 16:11','2026-02-10 16:11',NULL,NULL,'Admin-system','Admin-system',NULL,NULL,NULL,'กำลังดำเนินการ','Helpdesk','ISP-Service',NULL),('Rep-0002','40520422245066','DEP4-LOG','ฟหฟหกฟ','ฟหกฟห','กฟหก','หฟกฟหกฟหก',NULL,NULL,'','','Si003','2026-02-11 12:25','2026-02-12 09:25',NULL,NULL,'Admin-system','Admin-system',NULL,NULL,NULL,'กำลังดำเนินการ','Helpdesk','Helpdesk',NULL),('Rep-0003','40520422261314','DEP4-Phototable',';;;',';;',';;;;',';;;','',NULL,'','','Si008','2026-02-11 13:06','2026-02-12 10:15','2026-02-12 11:00',NULL,'Admin-system','Admin-system','Admin-system',NULL,NULL,'กำลังดำเนินการ','Admin-system (Onsite)','Onsite','55444'),('Rep-0004','40520424185718','DEP4-LOG','SSS','ss','sss','sss','',NULL,'','','Si006','2026-02-12 09:28','2026-02-12 10:15','2026-02-12 11:01',NULL,'Admin-system','Admin-system','Admin-system',NULL,NULL,'กำลังดำเนินการ','Admin-system (Onsite)','Onsite','4454545'),('Rep-0005','40520424185818','DEP4-LOG','DD','dd','dd','dd','',NULL,'','','Si005','2026-02-12 09:29','2026-02-12 10:14','2026-02-12 10:50',NULL,'Admin-system','Admin-system','Admin-system',NULL,NULL,'กำลังดำเนินการ','Admin-system (Onsite)','Onsite','1145'),('Rep-0006','40520424185836','DEP4-TV65','AA','aa','aa','aa','',NULL,'','','Si013','2026-02-12 09:29','2026-02-12 10:14','2026-02-12 11:00',NULL,'Admin-system','Admin-system','Admin-system',NULL,NULL,'กำลังดำเนินการ','Admin-system (Onsite)','Onsite','44444'),('Rep-0007','40520424185862','Printer','DDDD','ss','ss','ss',NULL,NULL,'','','Si004','2026-02-12 09:29','2026-02-12 10:14',NULL,NULL,'Admin-system','Admin-system',NULL,NULL,NULL,'กำลังดำเนินการ','Helpdesk','Onsite',NULL),('Rep-0008','40520424185880','DEP4-Tvstand','FFF','ff','ff','fff','',NULL,'','','Si011','2026-02-12 09:29','2026-02-12 10:14','2026-02-12 11:01',NULL,'Admin-system','Admin-system','Admin-system',NULL,NULL,'กำลังดำเนินการ','Admin-system (Onsite)','Onsite','777777'),('Rep-0009','40520424222216','Printer','DDD','dd','dd','ddd',NULL,NULL,'','','Si006','2026-02-12 11:11',NULL,NULL,NULL,'Admin-system',NULL,NULL,NULL,NULL,'Open','Admin-system (Call Center)','Helpdesk',NULL),('Rep-0010','40520424222234','DEP4-Tvstand','AAA','aa','aa','aaa',NULL,NULL,'','','Si006','2026-02-12 11:11',NULL,NULL,NULL,'Admin-system',NULL,NULL,NULL,NULL,'Open','Admin-system (Call Center)','Helpdesk',NULL);
/*!40000 ALTER TABLE `repair_tb` ENABLE KEYS */;
UNLOCK TABLES;

--
-- Table structure for table `site_tb`
--

DROP TABLE IF EXISTS `site_tb`;
/*!40101 SET @saved_cs_client     = @@character_set_client */;
/*!50503 SET character_set_client = utf8mb4 */;
CREATE TABLE `site_tb` (
  `Si_ID` varchar(45) NOT NULL,
  `Si_SiteTOR` varchar(45) DEFAULT NULL,
  `Si_Code` varchar(45) DEFAULT NULL,
  `Si_Name` varchar(455) DEFAULT NULL,
  `Si_SR` varchar(455) DEFAULT NULL,
  `Si_Subdistrict` varchar(100) DEFAULT NULL,
  `Si_District` varchar(100) DEFAULT NULL,
  `Si_Province` varchar(100) DEFAULT NULL,
  `Si_latLong` varchar(100) DEFAULT NULL,
  `Si_IP` varchar(45) DEFAULT NULL,
  `Si_FnIP` varchar(45) DEFAULT NULL,
  `Si_FnGPS` varchar(45) DEFAULT NULL,
  `Si_Group` varchar(45) DEFAULT NULL,
  PRIMARY KEY (`Si_ID`)
) ENGINE=InnoDB DEFAULT CHARSET=utf8mb4 COLLATE=utf8mb4_0900_ai_ci;
/*!40101 SET character_set_client = @saved_cs_client */;

--
-- Dumping data for table `site_tb`
--

LOCK TABLES `site_tb` WRITE;
/*!40000 ALTER TABLE `site_tb` DISABLE KEYS */;
INSERT INTO `site_tb` VALUES ('Si001','001','001-OT','โรงเรียนชุมชนบ้านหนองปลิง (นาคอุปถัมภ์)','SR18158364','หนองปลิง','เมืองกำแพงเพชร','กำแพงเพชร','16.51635222,99.50199967','1.20.184.5','Enable','Enable',NULL),('Si002','002','002-OT','โรงเรียนจำรูญชัยพฤกษ์ราษฎร์วิทยา','SR18158363','วังทอง','เมืองกำแพงเพชร','กำแพงเพชร','16.34813021,99.42087455','1.20.184.4','Enable','Enable',NULL),('Si003','003','003-OT','ศูนย์ส่งเสริมการเรียนรู้ระดับอำเภอทรายทองวัฒนา','','ทรายทองวัฒนา','ทรายทองวัฒนา','กำแพงเพชร','16.3115603,99.8305993','','Enable','Enable',NULL),('Si004','004','004-OT','ห้องสมุดประชาชนอำเภอพรานกระต่าย','SR18158361','พรานกระต่าย','พรานกระต่าย','กำแพงเพชร','16.6718919,99.584536','1.20.176.49','Enable','Enable',NULL),('Si005','005','005-SC','โรงเรียนบ้านทรัพย์สมบูรณ์','SR18158360','ห้วยม่วง','ภูผาม่าน','ขอนแก่น','16.7496425,101.9100761','1.2.161.144','Enable','Enable',NULL),('Si006','006','006-SC','โรงเรียนบ้านวังยาว','SR18158359','นาหนองทุ่ม','ชุมแพ','ขอนแก่น','16.7115113,101.9450218','101.108.94.188','Enable','Enable',NULL),('Si007','007','007-OT','ศูนย์ส่งเสริมการเรียนรู้ระดับอําเภอบ้านแฮด','SR18158358','บ้านแฮด','บ้านแฮด','ขอนแก่น','16.1979111,102.7616508','101.108.94.122','Enable','Enable',NULL),('Si008','008','008-SC','โรงเรียนบ้านวังม่วง','SR18158357','วังม่วง','เปือยน้อย','ขอนแก่น','15.892154,102.852355','125.26.178.6','Enable','Enable',NULL),('Si009','009','009-SC','โรงเรียนหนองผักแว่นโป่งสังข์วิทยา','SR18158356','หว้าทอง','ภูเวียง','ขอนแก่น','16.770181,102.457543','1.20.156.52','Enable','Enable',NULL),('Si010','010','010-SC','โรงเรียนสวนกล้วยห้วยชันวิทยาคาร','SR18158355','บ้านเรือ','ภูเวียง','ขอนแก่น','16.70206041,102.3940905','1.20.156.51','Enable','Enable',NULL),('Si011','011','011-SC','โรงเรียนหว้านไพรสามัคคี','SR18158335','บ้านแก้ง','แก้งคร้อ','ชัยภูมิ','16.176223,102.2863293','','Enable','Enable',NULL),('Si012','012','012-SC','โรงเรียนแวงน้อยศึกษา','SR18158354','แวงน้อย','แวงน้อย','ขอนแก่น','15.8124465,102.4126965','1.20.156.43','Enable','Enable',NULL),('Si013','013','013-SC','โรงเรียนท่าศาลาประชานุสรณ์','SR18158353','ท่าศาลา','มัญจาคีรี','ขอนแก่น','16.2571274,102.6600835','180.180.146.88','Enable','Enable',NULL),('Si014','014','014-SC','โรงเรียนโพนเพ็กพัฒนวิทยา','','โพนเพ็ก','มัญจาคีรี','ขอนแก่น','17.4486661,104.4946167','','Enable','Enable',NULL),('Si015','015','015-SC','โรงเรียนหนองแสงวิทยาสรรค์','SR18158351','บ้านผือ','หนองเรือ','ขอนแก่น','16.5175554,102.5625793','','Enable','Enable',NULL),('Si016','016','016-SC','โรงเรียนบ้านกงประชานุกูล','SR18158350','บ้านกง','หนองเรือ','ขอนแก่น','16.5158451,102.5333341','1.20.156.67','Enable','Enable',NULL),('Si017','017','017-SC','โรงเรียนบ้านหนองคอนไทย (คุรุประชาสรรค์)','SR18158334','กุดตุ้ม','เมืองชัยภูมิ','ชัยภูมิ','15.78056225,102.1679513','182.53.49.75','Enable','Enable',NULL),('Si018','018','018-SC','โรงเรียนบ้านเป้าวิทยา','SR18158333','บ้านเป้า','เกษตรสมบูรณ์','ชัยภูมิ','16.3763396,101.9695314','','Enable','Enable',NULL),('Si019','019','019-SC','โรงเรียนบ้านหินกอง','SR18158332','ห้วยบง','เมืองชัยภูมิ','ชัยภูมิ','15.90160113,102.1828103','182.53.49.71','Enable','Enable',NULL),('Si020','020','020-SC','โรงเรียนบ้านโนนเปลือย','SR18158331','ตลาดแร้ง','บ้านเขว้า','ชัยภูมิ','15.7862945,101.8165224','','Enable','Enable',NULL),('Si021','021','021-SC','โรงเรียนบ้านหนองกระทุ่ม','SR18158330','ชีบน','บ้านเขว้า','ชัยภูมิ','15.8647004,101.743775','182.53.96.244','Enable','Enable',NULL),('Si022','022','022-OT','โรงเรียนบ้านละหานค่าย','SR18158329','โคกสะอาด','หนองบัวระเหว','ชัยภูมิ','15.7884251,101.7633691','','Enable','Enable',NULL),('Si023','023','023-SC','โรงเรียนเทศบาลคอนสาร (บ้านฝายดินสอ)','SR18158328','ดงบัง','คอนสาร','ชัยภูมิ','16.6031471,101.9402742','','Enable','Enable',NULL),('Si024','024','024-OT','ศูนย์ส่งเสริมการเรียนรู้ระดับอำเภอภูเขียว','','ฝักปัง','ภูเขียว','ชัยภูมิ','16.376866,102.1284012','','Enable','Enable',NULL),('Si025','025','025-SC','โรงเรียนบ้านจอเจริญ','SR18158426','ดอนศิลา','เวียงชัย','เชียงราย','19.8086405,99.9864773','1.20.202.9','Enable','Enable',NULL),('Si026','026','026-SC','โรงเรียนขุนตาลวิทยาคม','SR18159210','ป่าตาล','ขุนตาล','เชียงราย','20.2755538,99.8633569','125.25.60.24','Enable','Enable',NULL),('Si027','027','027-SC','โรงเรียนชุมชนบ้านต้าตลาด','SR18158425','ต้า','ขุนตาล','เชียงราย','19.81571448,100.2436647','125.25.60.4','Enable','Enable',NULL),('Si028','028','028-SC','โรงเรียนอนุบาลเชียงของ','SR18158424','เวียง','เชียงของ','เชียงราย','20.25614851,100.4060112','101.51.127.15','Enable','Enable',NULL),('Si029','029','029-SC','โรงเรียนบ้านแม่จัน (เชียงแสนประชานุสาสน์)','SR18158423','แม่จัน','แม่จัน','เชียงราย','20.146465,99.854218','1.20.202.8','Enable','Enable',NULL),('Si030','030','030-SC','โรงเรียนพญาเม็งราย','SR18158422','เม็งราย','พญาเม็งราย','เชียงราย','19.8502239,100.157207','1.20.202.2','Enable','Enable',NULL),('Si031','031','031-SC','โรงเรียนปล้องวิทยาคม','SR18158421','ปล้อง','เทิง','เชียงราย','19.66610655,100.098958','1.20.202.3','Enable','Enable',NULL),('Si032','032','032-SC','โรงเรียนองค์การบริหารส่วนตำบลทรายขาว (บ้านท่าฮ่อ)','SR18158420','ทรายขาว','พาน','เชียงราย','19.68701,99.684421','1.20.202.11','Enable','Enable',NULL),('Si033','033','033-OT','เทศบาลตำบลป่าซาง','SR18158419','ป่าซาง','แม่จัน','เชียงราย','20.1824884,99.8319983','1.20.202.7','Enable','Enable',NULL),('Si034','034','034-OT','เทศบาลตำบลแม่คำ','SR18158418','สถาน','แม่จัน','เชียงราย','20.2174765,99.8479802','1.20.202.6','Enable','Enable',NULL),('Si035','035','035-OT','เทศบาลตำบลท่าข้าวเปลือก','SR18158417','ท่าข้าวเปลือก','แม่จัน','เชียงราย','20.16514216,99.96894567','1.20.202.10','Enable','Enable',NULL),('Si036','036','036-OT','องค์การบริหารส่วนตำบลศรีค้ำ','SR18158416','ศรีค้ำ','แม่จัน','เชียงราย','20.2119322,99.8507322','1.20.202.5','Enable','Enable',NULL),('Si037','037','037-OT','องค์การบริหารส่วนตำบลแม่ลอย','','แม่ลอย','เทิง','เชียงราย','19.5846818,100.0497177','','Enable','Enable',NULL),('Si038','038','038-SC','โรงเรียนวัดงิ้วเฒ่า','SR18158435','แม่สาย','สะเมิง','เชียงใหม่','18.9437927,98.6637819','','Enable','Enable',NULL),('Si039','039','039-SC','โรงเรียนบ้านต้นส้าน','SR18158434','แม่สูน','ฝาง','เชียงใหม่','19.8305322,99.1392567','101.109.83.194','Enable','Enable',NULL),('Si040','040','040-SC','โรงเรียนอนุบาลบ้านท่อเมืองลัง','SR18162089','ป่าตัน','เมืองเชียงใหม่','เชียงใหม่','18.8275453,98.9948421','101.51.144.223','Enable','Enable',NULL),('Si041','041','041-SC','เทศบาลตำบลสันมหาพน','','สันมหาพน','แม่แตง','เชียงใหม่','19.1216967,98.945745','','Enable','Enable',NULL),('Si042','042','042-SC','โรงเรียนบุญเรืองวิทยาคม','SR18158414','บุญเรือง','เชียงของ','เชียงราย','19.99270156,100.3345848','101.51.127.14','Enable','Enable',NULL),('Si043','043','043-SC','โรงเรียนชุมชนบ้านดอยเต่า','SR18158432','ดอยเต่า','ดอยเต่า','เชียงใหม่','17.8906769,98.7318977','180.180.106.113','Enable','Enable',NULL),('Si044','044','044-SC','โรงเรียนชุมชนบ้านใหม่','SR18158431','แม่ตื่น','อมก๋อย','เชียงใหม่','17.4019723,98.457231','','Enable','Enable',NULL),('Si045','045','045-SC','โรงเรียนชุมชนบ้านวังจ๊อม','SR18158430','เชียงดาว','เชียงดาว','เชียงใหม่','19.3841079,98.9695012','','Enable','Enable',NULL),('Si046','046','046-OT','องค์การบริหารส่วนตำบลเมืองคอง','','เมืองคอง','เชียงดาว','เชียงใหม่','19.388325,98.7099249','','Enable','Enable',NULL),('Si047','047','047-OT','เทศบาลตำบลออนใต้','','ออนใต้','แม่ออน','เชียงใหม่','18.7346102,99.204884','','Enable','Enable',NULL),('Si048','048','048-OT','บ้านเด่น','SR18158427','บ้านแม','สันป่าตอง','เชียงใหม่','18.6516588,98.8264648','101.109.83.183','Enable','Enable',NULL),('Si049','049','049-OT','เทศบาลตำบลแม่จะเรา','','แม่จะเรา','แม่ระมาด','ตาก','16.96343371,98.58488317','','Enable','Enable',NULL),('Si050','050','050-OT','เทศบาลตำบลวังเจ้า','','วังเจ้า','วังเจ้า','ตาก','16.6860162,99.25453205','','Enable','Enable',NULL),('Si051','051','051-OT','องค์การบริหารส่วนตำบลวังหมัน','SR18158311','วังหมัน','สามเงา','ตาก','18.77671429,100.7704924','1.20.184.9','Enable','Enable',NULL),('Si052','052','052-SC','โรงเรียนน้ำดิบพิทยาคม','SR18158310','วังประจบ','เมืองตาก','ตาก','16.9186,99.3812','1.20.184.8','Enable','Enable',NULL),('Si053','053','053-SC','โรงเรียนหนองบัวพิทยาคม','SR18158257','ป่าคา','ท่าวังผา','น่าน','19.09381629,100.7762307','180.180.106.213','Enable','Enable',NULL),('Si054','054','054-OT','องค์การบริหารส่วนตำบลตาลชุม','SR18158256','ตาลชุม','เวียงสา','น่าน','18.6466769,100.7682114','101.109.83.192','Enable','Enable',NULL),('Si055','055','055-OT','สกร.อำเภอบ้านม่วงตึ๊ด','','ม่วงตึ๊ด','ภูเพียง','น่าน','18.7523322,100.7749603','','Enable','Enable',NULL),('Si056','056','056-SC','โรงเรียนไตรมิตรวิทยา','SR18158254','พญาแก้ว','เชียงกลาง','น่าน','19.28465694,100.8956649','180.180.106.211','Enable','Enable',NULL),('Si057','057','057-SC','โรงเรียนชุมชนบ้านอ้อย','SR18158253','บัวใหญ่','นาน้อย','น่าน','18.32807696,100.6218891','180.180.106.234','Enable','Enable',NULL),('Si058','058','058-SC','โรงเรียนเมืองลีประชาสามัคคี','SR18158252','เมืองลี่','นาหมื่น','น่าน','18.180739,100.502711','180.180.106.214','Enable','Enable',NULL),('Si059','059','059-SC','โรงเรียนบ้านนาหนุน 2','SR18158251','ผาตอ','ท่าวังผา','น่าน','19.13600965,100.7906064','180.180.106.209','Enable','Enable',NULL),('Si060','060','060-OT','ห้องสมุดประชาชนจังหวัดน่าน','SR18158250','ในเวียง','เมืองน่าน','น่าน','18.77671429,100.7704924','125.25.60.31','Enable','Enable',NULL),('Si061','061','061-SC','โรงเรียนราชประชานุเคราะห์ 24 จังหวัดพะเยา','','ทุ่งรวงทอง','จุน','พะเยา','19.4369494,100.1889251','','Enable','Enable',NULL),('Si062','062','062-SC','โรงเรียนเชียงคำวิทยาคม','SR18158221','หย่วน','เชียงคำ','พะเยา','19.5197044,100.3087623','180.180.106.5','Enable','Enable',NULL),('Si063','063','063-SC','โรงเรียนชุมชนบ้านเชียงบาน','SR18158220','เชียงบาน','เชียงคำ','พะเยา','19.51063343,100.2815005','125.25.60.25','Enable','Enable',NULL),('Si064','064','064-OT','เทศบาลตำบลบ้านต๊ำ','SR18158219','บ้านต๊ำ','เมืองพะเยา','พะเยา','19.21710737,99.81592002','125.25.60.13','Enable','Enable',NULL),('Si065','065','065-OT','ห้องสมุดประชาชนอำเภอดงเจริญ','SR18158209','สำนักขุนเณร','ดงเจริญ','พิจิตร','16.0219215,100.5322579','','Enable','Enable',NULL),('Si066','066','066-OT','ศูนย์ส่งเสริมการเรียนรู้ระดับอำเภอสากเหล็ก','','สากเหล็ก','สากเหล็ก','พิจิตร','16.5100316,100.4691011','','Enable','Enable',NULL),('Si067','067','067-OT','สกร.ระดับอำเภอโพธิ์ประทับช้าง','','วังจิก','โพธิ์ประทับช้าง','พิจิตร','16.349707,100.265448','','Enable','Enable',NULL),('Si068','068','068-OT','ห้องสมุดประชาชนอำเภอโพทะเล','SR18158206','โพทะเล','โพทะเล','พิจิตร','16.0922031,100.2653465','','Enable','Enable',NULL),('Si069','069','069-SC','โรงเรียนวังน้ำคู้ศึกษา','SR18158205','วังน้ำคู้','เมืองพิษณุโลก','พิษณุโลก','16.6591702,100.2763185','','Enable','Enable',NULL),('Si070','070','070-SC','โรงเรียนชุมชน 3 บ้านเนินกุ่ม (ประชานุกูล)','SR18158204','เนินกุ่ม','บางกระทุ่ม','พิษณุโลก','16.54643936,100.4184','1.20.176.105','Enable','Enable',NULL),('Si071','071','071-SC','โรงเรียนบ้านป่าสัก (ทศพลอนุสรณ์)','SR18158203','มะต้อง','พรหมพิราม','พิษณุโลก','17.09508059,100.1695029','1.20.176.96','Enable','Enable',NULL),('Si072','072','072-SC','โรงเรียนวังพิกุลวิทยศึกษา','SR18158202','วังพิกุล','วังทอง','พิษณุโลก','16.787679,100.349868','1.20.176.59','Enable','Enable',NULL),('Si073','073','073-SC','โรงเรียนวัดปากพิงตะวันตก','SR18158201','งิ้วงาม','เมืองพิษณุโลก','พิษณุโลก','16.655506,100.2326118','118.172.234.95','Enable','Enable',NULL),('Si074','074','074-SC','โรงเรียนอนุบาลองค์การบริหารส่วนตำบลวัดจันทร์','SR18158200','วัดจันทร์','เมืองพิษณุโลก','พิษณุโลก','16.80449486,100.239998','1.1.249.7','Enable','Enable',NULL),('Si075','075','075-SC','โรงเรียนวัดยาง (มีมานะวิทยา)','SR18158199','บ้านคลอง','เมืองพิษณุโลก','พิษณุโลก','16.8344115,100.2503427','1.20.176.94','Enable','Enable',NULL),('Si076','076','076-SC','โรงเรียนวัดบึงกอก','SR18158198','บึงกอก','บางระกำ','พิษณุโลก','16.6859851,100.0328434','','Enable','Enable',NULL),('Si077','077','077-OT','ศูนย์เรียนรู้บ้านท่าโพธิ์ หมู่ที่ 8','','จอมทอง','เมืองพิษณุโลก','พิษณุโลก','16.906924,100.2061265','','Enable','Enable',NULL),('Si078','078','078-OT','บ้านวังกะบาก','SR18158196','ท่าทอง','เมืองพิษณุโลก','พิษณุโลก','16.78587,100.210686','1.20.176.110','Enable','Enable',NULL),('Si079','079','079-OT','เทศบาลตำบลพันเสา','SR18158195','พันเสา','บางระกำ','พิษณุโลก','15.90160113,102.1828103','1.20.176.109','Enable','Enable',NULL),('Si080','080','080-SC','โรงเรียนบ้านนาเฉลียงใต้','SR18158413','นาเฉลียง','หนองไผ่','เพชรบูรณ์','19.66610655,100.098958','1.20.184.34','Enable','Enable',NULL),('Si081','081','081-SC','โรงเรียนบ้านซับเปิบ','SR18158412','ซับเปิบ','วังโป่ง','เพชรบูรณ์','16.348737,100.927445','1.20.195.28','Enable','Enable',NULL),('Si082','082','082-OT','เทศบาลตำบลแคมป์สน','SR18158411','แคมป์สน','เขาค้อ','เพชรบูรณ์','19.28465694,100.8956649','','Enable','Enable',NULL),('Si083','083','083-OT','เทศบาลตำบลพุเตย','','พุเตย','วิเชียรบุรี','เพชรบูรณ์','19.13600965,100.7906064','','Enable','Enable',NULL),('Si084','084','084-OT','องค์การบริหารส่วนตำบลตาดกลอย','SR18158409','ตาดกลอย','หล่มเก่า','เพชรบูรณ์','17.00387116,101.3663689','1.20.195.19','Enable','Enable',NULL),('Si085','085','085-SC','โรงเรียนองค์การบริหารส่วนจังหวัดแพร่เด่นไชยวิทยา','','ในเวียง','เด่นชัย','แพร่','17.09508059,100.1695029','','Enable','Enable',NULL),('Si086','086','086-SC','โรงเรียนเทศบาลบ้านห้วยอ้อ','SR18158400','ห้วยอ้อ','ลอง','แพร่','18.30488577,100.1583823','','Enable','Enable',NULL),('Si087','087','087-SC','โรงเรียนไทยรัฐวิทยา 31 (ทุ่งน้าวพุทธิมาศึกษากร)','SR18158399','ทุ่งน้าว','สอง','แพร่','18.398005,100.188790','1.10.141.244','Enable','Enable',NULL),('Si088','088','088-SC','โรงเรียนบ้านถิ่น (ถิ่นวิทยาคาร)','SR18158398','บ้านถิ้น','เมืองแพร่','แพร่','18.14561146,100.2069458','180.180.106.252','Enable','Enable',NULL),('Si089','089','089-SC','โรงเรียนบ้านทุ่งแค้ว คันธวงค์วิทยาคาร','SR18158397','ทุ่งแค้ว','หนองม่วงไข่','แพร่','18.30488577,100.1583823','101.109.83.143','Enable','Enable',NULL),('Si090','090','090-OT','องค์การบริหารส่วนตำบลสรอย','','สรอย','วังชิ้น','แพร่','17.13074678,102.4521665','','Enable','Enable',NULL),('Si091','091','091-OT','ตำบลแม่ป้าก','SR18162088','แม่ป้าก','วังชิ้น','แพร่','17.01650147,102.4109671','182.52.68.106','Enable','Enable',NULL),('Si092','092','092-OT','ชุมชนบ้านไผ่ย้อย','SR18158395','น้ำเลา','ร้องกวาง','แพร่','18.23399231,100.2904882','','Enable','Enable',NULL),('Si093','093','093-OT','องค์การบริหารส่วนตำบลแม่สามแลบ','SR18158393','แม่สามแลบ','สบเมย','แม่ฮ่องสอน','17.99437965,97.75686393','','Enable','Enable',NULL),('Si094','094','094-SC','โรงเรียนบ้านรักไทย','SR18158392','หมอกจำแป่','เมือง','แม่ฮ่องสอน','19.5858068,97.9470882','','Enable','Enable',NULL),('Si095','095','095-SC','โรงเรียนบ้านอมพาย','SR18158391','ป่าแป๋','แม่สะเรียง','แม่ฮ่องสอน','18.2966767,98.171645','','Enable','Enable',NULL),('Si096','096','096-SC','โรงเรียนบ้านผาเยอ','SR18158390','กองก๋อย','สบเมย','แม่ฮ่องสอน','18.0147841,98.1517971','','Enable','Enable',NULL),('Si097','097','097-SC','โรงเรียนเสริมงามวิทยาคม','SR18162087','ทุ่งงาม','เสริมงาม','ลำปาง','18.0500958,99.2309146','','Enable','Enable',NULL),('Si098','098','098-SC','โรงเรียนไทยรัฐวิทยา85 (บ้านห้วยทาก)','SR18158138','บ้านทวด','งาว','ลำปาง','18.60926818,99.90441034','125.25.60.12','Enable','Enable',NULL),('Si099','099','099-OT','โรงเรียนวัดหาดปู่ด้าย','SR18158137','นาแส่ง','เกาะคา','ลำปาง','18.009282,99.323028','125.25.60.11','Enable','Enable',NULL),('Si100','100','100-OT','ห้องสมุดประชาชนอำเภอแม่ทะ','SR18158136','แม่ทะ','แม่ทะ','ลำปาง','12.49137031,102.1390626','','Enable','Enable',NULL),('Si101','101','101-SC','โรงเรียนทุ่งหัวช้างพิทยาคม','SR18158135','ทุ่งหัวช้าง','ทุ่งหัวช้าง','ลำพูน','13.26543519,101.2506677','1.20.202.12','Enable','Enable',NULL),('Si102','102','102-SC','โรงเรียนแม่ตืนวิทยา','SR18158134','แม่ตืน','ลี้','ลำพูน','13.24105194,101.4876985','1.20.202.13','Enable','Enable',NULL),('Si103','103','103-OT','เทศบาลตำบลวังดิน','SR18158133','ลี้','ลี้','ลำพูน','14.4759633,100.6247584','125.25.60.41','Enable','Enable',NULL),('Si104','104','104-OT','ห้องสมุดประชาชนอำเภอบ้านธิ','SR18158132','บ้านธิ','บ้านธิ','ลำพูน','14.16521751,100.3080587','125.25.60.22','Enable','Enable',NULL),('Si105','105','105-SC','โรงเรียนบ้านกอไร่ใหญ่','SR18158408','เสี้ยว','เมืองเลย','เลย','14.36092602,100.6449536','','Enable','Enable',NULL),('Si106','106','106-SC','โรงเรียนบ้านปากเนียม','SR18158407','ห้วยพิชัย','ปากชม','เลย','14.0718,102.81229','1.20.156.63','Enable','Enable',NULL),('Si107','107','107-SC','โรงเรียนบ้านแก่งศรีภูมิ','SR18158406','แก่งศรีภูมิ','ภูหลวง','เลย','14.63360874,99.67245745','','Enable','Enable',NULL),('Si108','108','108-SC','โรงเรียนภูหลวงวิทยา','SR18158405','ภูหอ','ภูหลวง','เลย','14.03207124,99.11971507','','Enable','Enable',NULL),('Si109','109','109-SC','โรงเรียนบ้านโคกใหญ่','SR18158404','โคกใหญ่','ท่าลี่','เลย','6.028003919,101.9683262','1.20.156.64','Enable','Enable',NULL),('Si110','110','110-SC','โรงเรียนบ้านนาดินดำ','SR18158403','แก่งศรีภูมิ','ภูหลวง','เลย','13.10557379,99.94579001','','Enable','Enable',NULL),('Si111','111','111-OT','ห้องสมุดประชาชนอำเภอวังสะพุง','SR18158402','วังสะพุง','วังสะพุง','เลย','13.63668109,100.2675913','1.20.156.61','Enable','Enable',NULL),('Si112','112','112-OT','ศูนย์ส่งเสริมการเรียนรู้ระดับอำเภอทุ่งเสลี่ยม','SR18158082','ทุ่งเสลี่ยม','ทุ่งเสลี่ยม','สุโขทัย','13.65312944,100.2501134','118.172.234.169','Enable','Enable',NULL),('Si113','113','113-SC','โรงเรียนขุนไกรพิทยาคม','SR18158081','นาขุนไกร','ศรีสำโรง','สุโขทัย','17.17970299,99.60330417','1.20.176.34','Enable','Enable',NULL),('Si114','114','114-SC','โรงเรียนท่าชัยวิทยา','SR18158080','ท่าชัย','ศรีสัชนาลัย','สุโขทัย','17.39483451,99.80329036','118.173.240.58','Enable','Enable',NULL),('Si115','115','115-SC','โรงเรียนศรีสำโรงชนูปถัมภ์','SR18158079','คลองตาล','ศรีสำโรง','สุโขทัย','17.15691171,99.85459306','1.20.176.24','Enable','Enable',NULL),('Si116','116','116-SC','โรงเรียนอนุบาลศรีสำโรง','SR18158078','สามเรือน','ศรีสำโรง','สุโขทัย','17.179554,99.863627','118.172.234.185','Enable','Enable',NULL),('Si117','117','117-OT','ศูนย์การเรียนรู้ระดับตำบลวังทอง','SR18158077','วังทอง','ศรีสำโรง','สุโขทัย','17.1431874,99.8300601','118.173.255.136','Enable','Enable',NULL),('Si118','118','118-SC','โรงเรียนวัดปากน้ำ','SR18158076','ปากน้ำ','สวรรคโลก','สุโขทัย','17.21948505,99.89056882','118.172.234.157','Enable','Enable',NULL),('Si119','119','119-SC','โรงเรียนบ้านน้ำขุม','SR18158075','น้ำขุม','ศรีนคร','สุโขทัย','17.414502,99.992738','118.172.234.134','Enable','Enable',NULL),('Si120','120','120-OT','ศูนย์การเรียนรู้ระดับตำบลเมืองเก่า','SR18158074','เมืองเก่า','เมืองสุโขทัย','สุโขทัย','17.0240103,99.6883053','','Enable','Enable',NULL),('Si121','121','121-SC','โรงเรียนบ้านผาเวียง','SR18158073','แม่สิน','ศรีสัชนาลัย','สุโขทัย','17.67440005,99.64702525','118.172.234.86','Enable','Enable',NULL),('Si122','122','122-SC','โรงเรียนอนุบาลศรีสัชนาลัย (บ้านหาดสูง)','SR18158072','หาดเสี้ยว','ศรีสัชนาลัย','สุโขทัย','17.51795588,99.75821254','1.1.249.8','Enable','Enable',NULL),('Si123','123','123-SC','โรงเรียนบ้านนาดี คุรุราษฎร์บำรุง','SR18158043','หันนางาม','ศรีบุญเรือง','หนองบัวลำภู','16.96398271,102.268014','180.180.146.3','Enable','Enable',NULL),('Si124','124','124-SC','โรงเรียนเมืองใหม่วิทยา','SR18158042','เมืองใหม่','ศรีบุญเรือง','หนองบัวลำภู','16.9680986,102.2758034','118.172.48.47','Enable','Enable',NULL),('Si125','125','125-SC','โรงเรียนโคกกลางใหม่โพธิ์ทอง','SR18158041','ป่าไม้งาม','เมืองหนองบัวลำภู','หนองบัวลำภู','16.94364353,102.3777942','118.172.48.46','Enable','Enable',NULL),('Si126','126','126-SC','โรงเรียนองค์การบริหารส่วนจังหวัดหนองบัวลำภู 2 (ชุมชนบ้านขามธาตุวิทยา)','SR18158040','เมืองหนองบัวลำภู','เมืองหนองบัวลำภู','หนองบัวลำภู','17.13074678,102.4521665','118.172.48.38','Enable','Enable',NULL),('Si127','127','127-OT','ตำบลวังปลาป้อม','SR18158039','วังปลาป้อม','นาวัง','หนองบัวลำภู','17.4246994,102.0013942','','Enable','Enable',NULL),('Si128','128','128-SC','โรงเรียนหัวนาศึกษาวิทย์','SR18158038','หัวนา','เมืองหนองบัวลำภู','หนองบัวลำภู','17.01650147,102.4109671','118.172.48.36','Enable','Enable',NULL),('Si129','129','129-OT','โรงเรียนทุ่งโปร่งประชาสรรค์','SR18158037','กุดจิก','เมืองหนองบัวลำภู','หนองบัวลำภู','17.3617934,102.3821672','','Enable','Enable',NULL),('Si130','130','130-SC','โรงเรียนบ้านซ่านสามัคคี','SR18158011','หาดกรวด','เมืองอุตรดิตถ์','อุตรดิตถ์','17.53905134,100.1155957','','Enable','Enable',NULL),('Si131','131','131-OT','เทศบาลตำบลน้ำปาด','SR18158010','แสนตอ','น้ำปาด','อุตรดิตถ์','17.725609,100.681135','','Enable','Enable',NULL),('Si132','132','132-SC','โรงเรียนพิชัย','SR18158009','ในเมือง','พิชัย','อุตรดิตถ์','17.2845517,100.0875993','','Enable','Enable',NULL),('Si133','133','133-SC','โรงเรียนหวัวเฉียว','SR18158008','ท่าอิฐ','เมืองอุตรดิตถ์','อุตรดิตถ์','17.644158,100.116069','1.20.195.47','Enable','Enable',NULL),('Si134','134','134-OT','เทศบาลตำบลจริม','SR18158007','จริม','ท่าปลา','อุตรดิตถ์','17.8120368,100.3556527','','Enable','Enable',NULL),('Si135','135','135-SC','โรงเรียนวัดน้ำใส','SR18158006','ชัยจุมพล','ลับแล','อุตรดิตถ์','17.637835,100.0492109','1.20.195.42','Enable','Enable',NULL),('Si136','136','136-SC','โรงเรียนบ้านข่อยสูง','SR18158005','ข่อยสูง','ตรอน','อุตรดิตถ์','17.490055,99.98989','1.20.195.13','Enable','Enable',NULL),('Si137','137','137-SC','โรงเรียนชุมชนบ้านวังหิน','SR18158004','วังแดง','ตรอน','อุตรดิตถ์','17.4832096,100.1071945','','Enable','Enable',NULL),('Si138','138','138-SC','โรงเรียนนิคมสร้างตนเองลำน้ำน่านสงเคราะห์ 3','SR18158003','ร่วมจิต','ท่าปลา','อุตรดิตถ์','17.71829445,100.3265056','','Enable','Enable',NULL),('Si139','139','139-SC','โรงเรียนบ้านเสียววิทยาสรรพ์','SR18158372','หัวงัว','ยางตลาด','กาฬสินธุ์','16.3392406,103.4287564','','Enable','Enable',NULL),('Si140','140','140-SC','โรงเรียนบ้านชาดเหล่าแดงน้อยสามเชียง','','ฆ้องชัยพัฒนา','ฆ้องชัย','กาฬสินธุ์','16.2660724,103.4736863','','Enable','Enable',NULL),('Si141','141','141-SC','โรงเรียนบ้านเหล่าสีแก้ว','SR18158370','ไค้นุ่น','ห้วยผึ้ง','กาฬสินธุ์','16.6150909,103.9114295','','Enable','Enable',NULL),('Si142','142','142-SC','โรงเรียนนามนราษฎร์สงเคราะห์','SR18158369','นามน','นามน','กาฬสินธุ์','16.5732202,103.7917467','1.20.217.46','Enable','Enable',NULL),('Si143','143','143-SC','โรงเรียนบ้านคำเม็ก','SR18158368','ไผ่','เมืองกาฬสินธุ์','กาฬสินธุ์','16.5037779,103.5757916','1.20.217.23','Enable','Enable',NULL),('Si144','144','144-SC','โรงเรียนบ้านโจดศิริราษฎร์บำรุง','SR18158367','ภูปอ','เมืองกาฬสินธุ์','กาฬสินธุ์','16.540315,103.6082511','','Enable','Enable',NULL),('Si145','145','145-SC','โรงเรียนโนนคำวิทยา','SR18158366','นาขาม','กุฉินารายณ์','กาฬสินธุ์','16.5611566,103.9252914','','Enable','Enable',NULL),('Si146','146','146-SC','โรงเรียนบ้านนาคู','SR18158365','นาคู','นาคู','กาฬสินธุ์','16.75762,104.0249261','','Enable','Enable',NULL),('Si147','147','147-OT','องค์การบริหารส่วนตำบลแม่สุก','SR18158218','แม่สุก','แม่ใจ','พะเยา','19.321684,99.7949531','125.25.60.14','Enable','Enable',NULL),('Si148','148','148-OT','ห้องสมุดประชาชนอำเภอนาหว้า','SR18158301','นาหว้า','นาหว้า','นครพนม','17.4889408,104.1011521','180.180.146.115','Enable','Enable',NULL),('Si149','149','149-SC','โรงเรียนบ้านป่าหว้าน','SR18158300','โพนทอง','บ้านแพง','นครพนม','17.8514689,104.2278487','180.180.146.93','Enable','Enable',NULL),('Si150','150','150-SC','โรงเรียนดอนเสียวแดงพิทยาคม','SR18158299','บ้านเสียว','นาหว้า','นครพนม','17.5427097,104.0849291','','Enable','Enable',NULL),('Si151','151','151-SC','โรงเรียนบ้านห้วยไคร้','SR18159210','ห้วยไคร้','แม่สาย','เชียงราย','19.8174547,99.4986322','125.25.60.24','Enable','Enable',NULL),('Si152','152','152-SC','โรงเรียนโพนสวรรค์ราษฎร์พัฒนา','SR18158298','โพนสวรรค์','โพนสวรรค์','นครพนม','17.4572995,104.4714256','','Enable','Enable',NULL),('Si153','153','153-SC','โรงเรียนอนุบาลบ้านแพง','SR18158297','บ้านแพง','บ้านแพง','นครพนม','17.9654189,104.2156532','','Enable','Enable',NULL),('Si154','154','154-SC','โรงเรียนบ้านโพนงาม','SR18158296','นาคำ','ศรีสงคราม','นครพนม','17.6630434,104.3358176','','Enable','Enable',NULL),('Si155','155','155-SC','โรงเรียนปากช่องพิทยาคม','SR18158294','ปากช่อง','ปากช่อง','นครราชสีมา','14.7838239,101.4774108','','Enable','Enable',NULL),('Si156','156','156-SC','โรงเรียนบ้านสระครก','SR18158293','หนองบัวสะอาด','บัวใหญ่','นครราชสีมา','15.6021422,102.3114981','125.26.111.4','Enable','Enable',NULL),('Si157','157','157-SC','โรงเรียนบ้านแฝก','SR18158292','สามเมือง','สีดา','นครราชสีมา','15.5964944,102.5386622','1.20.90.10','Enable','Enable',NULL),('Si158','158','158-OT','องค์การบริหารส่วนตำบลนาเรียง','SR18161967','นาเรียง','พรหมคีรี','นครศรีธรรมราช','8.510879031,99.92103328','','Enable','Enable',NULL),('Si159','159','159-SC','โรงเรียนสูงเนิน','SR18158291','สูงเนิน','สูงเนิน','นครราชสีมา','14.89586245,101.8174407','1.2.236.6','Enable','Enable',NULL),('Si160','160','160-SC','โรงเรียนสีคิ้ว \"สวัสดิ์ผดุงวิทยา\"','SR18158290','สีคิ้ว','สีคิ้ว','นครราชสีมา','14.8904439,101.7218532','1.2.236.142','Enable','Enable',NULL),('Si161','161','161-OT','องค์การบริหารส่วนตำบลทุ่งอรุณ','SR18162085','ทุ่งอรุณ','โชคชัย','นครราชสีมา','','','Enable','Enable',NULL),('Si162','162','162-OT','เทศบาลบ้านหนองบัววง','SR18158289','ขุย','ลำทะเมนชัย','นครราชสีมา','15.3562361,102.9107362','101.51.138.109','Enable','Enable',NULL),('Si163','163','163-OT','ศูนย์การเรียนรู้ระดับอำเภอบ้านใหม่ไชยพจน์','SR18162084','หนองแวง','บ้านใหม่ไชยพจน์','บุรีรัมย์','15.5705411,102.8333586','182.53.49.59','Enable','Enable',NULL),('Si164','164','164-SC','โรงเรียนชุมชนคงวิทยา','SR18158288','เมืองคง','คง','นครราชสีมา','15.4373608,102.3286186','125.26.111.15','Enable','Enable',NULL),('Si165','165','165-SC','โรงเรียนเจียรวนนท์อุทิศ 2','SR18158287','วังหมี','วังน้ำเขียว','นครราชสีมา','14.45559894,101.7373705','182.53.49.67','Enable','Enable',NULL),('Si166','166','166-SC','โรงเรียนโนนสูงศรีธานี','SR18158286','โนนสูง','โนนสูง','นครราชสีมา','15.1794544,102.2544859','1.4.205.93','Enable','Enable',NULL),('Si167','167','167-SC','โรงเรียนอนุบาลขามสะแกแสง (ศรีรัฐประชานุเคราะห์)','SR18158285','ขามสะแกแสง','ขามสะแกแสง','นครราชสีมา','15.3272334,102.1781519','','Enable','Enable',NULL),('Si168','168','168-SC','โรงเรียนบ้านเหลื่อมพิทยาสรรค์','SR18158284','บ้านเหลื่อม','บ้านเหลื่อม','นครราชสีมา','15.610304,102.1329294','125.26.111.14','Enable','Enable',NULL),('Si169','169','169-SC','โรงเรียนโนนไทยคุรุอุปถัมภ์','SR18158283','โนนไทย','โนนไทย','นครราชสีมา','15.1882932,102.071175','','Enable','Enable',NULL),('Si170','170','170-SC','โรงเรียนสีคิ้วหนองหญ้าขาว','SR18162083','หนองหญ้าขาว','สีคิ้ว','นครราชสีมา','14.9659399,101.5687091','','Enable','Enable',NULL),('Si171','171','171-SC','โรงเรียนบ้านหนองสรวง','SR18158282','หนองสรวง','ขามทะเลสอ','นครราชสีมา','15.0968164,101.8979741','','Enable','Enable',NULL),('Si172','172','172-SC','โรงเรียนบ้านโกรกลึก','SR18158281','ตะเคียน','ด่านขุนทด','นครราชสีมา','15.0843628,101.700201','','Enable','Enable',NULL),('Si173','173','173-SC','โรงเรียนบ้านสำนักตะคร้อ','SR18158280','สำนักตะคร้อ','เทพารักษ์','นครราชสีมา','15.286857,101.5747895','1.2.236.119','Enable','Enable',NULL),('Si174','174','174-SC','โรงเรียนด่านขุนทด','SR18158279','ด่านขุนทด','ด่านขุนทด','นครราชสีมา','15.208129,101.765046','1.2.236.2','Enable','Enable',NULL),('Si175','175','175-SC','โรงเรียนบ้านตะบอง \"เจริญราษฎร์อุทิศ\"','SR18158278','โบสถ์','พิมาย','นครราชสีมา','15.2478083,102.5911071','182.53.96.245','Enable','Enable',NULL),('Si176','176','176-OT','ศูนย์ส่งเสริมการเรียนรู้ระดับอำเภอประทาย','SR18158277','ทุ่งสว่าง','ประทาย','นครราชสีมา','15.510293,102.6857216','125.25.83.21','Enable','Enable',NULL),('Si177','177','177-OT','บ้านวังวน','SR18158394','สบสาย','สูงเม่น','แพร่','','101.109.83.190','Enable','Enable',NULL),('Si178','178','178-SC','โรงเรียนประชาราษฎร์สามัคคี','SR18158276','ดอนเมือง','สีคิ้ว','นครราชสีมา','14.994732,101.4567435','1.2.236.118','Enable','Enable',NULL),('Si179','179','179-OT','องค์การบริหารส่วนตำบลบ้านหวาย','SR18158245','บ้านหวาย','วาปีปทุม','มหาสารคาม','15.8088237,103.2854958','','Enable','Enable',NULL),('Si180','180','180-OT','เทศบาลตำบลโคกกรวด','SR18158275','โคกกรวด','เมือง','นครราชสีมา','14.925813,101.964263','1.20.90.9','Enable','Enable',NULL),('Si181','181','181-SC','โรงเรียนเฉลียงพิทยาคม','SR18158274','เฉลียง','ครบุรี','นครราชสีมา','14.49085371,102.2841746','1.4.205.92','Enable','Enable',NULL),('Si182','182','182-SC','โรงเรียนหนองงูเหลือมพิทยาคม','SR18158273','หนองงูเหลือม','เฉลิมพระเกียรติ','นครราชสีมา','15.0628598,102.2417401','','Enable','Enable',NULL),('Si183','183','183-OT','โรงเรียนม่วงแก้ววิทยาคาร','SR18158272','งิ้ว','วังน้ำเขียว','นครราชสีมา','14.68851556,102.0115854','182.53.49.65','Enable','Enable',NULL),('Si184','184','184-OT','โรงเรียนบ้านนางเหริญ','SR18158271','เกษมทรัพย์','วังน้ำเขียว','นครราชสีมา','14.66350752,102.0517711','125.25.88.219','Enable','Enable',NULL),('Si185','185','185-OT','เทศบาลตำบลตลาด','SR18158270','ตลาด','เมือง','นครราชสีมา','15.0332264,102.1686066','','Enable','Enable',NULL),('Si186','186','186-SC','โรงเรียนบ้านหนองผักแว่น','SR18158249','ศรีชมภู','พรเจริญ','บึงกาฬ','18.0447455,103.6825421','','Enable','Enable',NULL),('Si187','187','187-SC','โรงเรียนบ้านนากั้ง','SR18158248','นากั้ง','ปากคาด','บึงกาฬ','18.4012392,103.2834419','','Enable','Enable',NULL),('Si188','188','188-OT','สำนักงานเทศบาลตำบลบึงโขงหลง','','บึงโขงหลง','บึงโขงหลง','บึงกาฬ','17.9683844,104.0482936','','Enable','Enable',NULL),('Si189','189','189-OT','ศูนย์การเรียนรู้ระดับตำบลบึงกาฬ','','บึงกาฬ','เมืองบึงกาฬ','บึงกาฬ','18.3600394,103.3500407','','Enable','Enable',NULL),('Si190','190','190-SC','โรงเรียนบ้านหนองกวางทอง','SR18158244','สระแก้ว','หนองหงส์','บุรีรัมย์','14.804643,102.688896','182.53.96.6','Enable','Enable',NULL),('Si191','191','191-OT','องค์การบริหารส่วนตำบลโคกสูง','SR18158243','โคกสูง','หนองกี่','บุรีรัมย์','14.81686359,102.5652906','1.1.183.72','Enable','Enable',NULL),('Si192','192','192-OT','ศูนย์ส่งเสริมการเรียนรู้ระดับอำเภอคูเมือง','','คูเมือง','คูเมือง','บุรีรัมย์','15.27112,103.00233','','Enable','Enable',NULL),('Si193','193','193-OT','ชุมชนบ้านโคกรัก','SR18158241','โกรกแก้ว','โนนสุวรรณ','บุรีรัมย์','14.61766,102.62824','1.1.183.70','Enable','Enable',NULL),('Si194','194','194-OT','โรงเรียนบ้านหนองคู','SR18158191','หนองปลิง','เมืองมหาสารคาม','มหาสารคาม','16.06313,103.32805','1.1.183.37','Enable','Enable',NULL),('Si195','195','195-SC','โรงเรียนหลักเมืองมหาสารคาม','SR18158190','ตลาด','เมืองมหาสารคาม','มหาสารคาม','16.18900,103.29947','1.1.183.34','Enable','Enable',NULL),('Si196','196','196-SC','โรงเรียนบ้านบรบือ (บรบือราษฎร์ผดุง)','SR18158189','บรบือ','บรบือ','มหาสารคาม','16.03950507,103.1178585','1.20.156.44','Enable','Enable',NULL),('Si197','197','197-SC','โรงเรียนศรีโกสุมวิทยามิตรภาพที่ 209','SR18158188','หัวขวาง','โกสุมพิสัย','มหาสารคาม','16.24381,103.06699','1.1.183.22','Enable','Enable',NULL),('Si198','198','198-SC','โรงเรียนบ้านโจดบัวบาน','SR18158187','กู่ทอง','เชียงยืน','มหาสารคาม','16.41068,103.00384','1.2.236.56','Enable','Enable',NULL),('Si199','199','199-SC','โรงเรียนบ้านหนองกุงเต่า','SR18158186','ท่าสองคอน','เมืองมหาสารคาม','มหาสารคาม','16.18672567,103.2209864','182.53.49.43','Enable','Enable',NULL),('Si200','200','200-SC','โรงเรียนเทศบาลนาเชือก','SR18158185','นาเชือก','นาเชือก','มหาสารคาม','15.79178,103.03099','1.20.156.27','Enable','Enable',NULL),('Si201','201','201-SC','โรงเรียนหนองหอยน้ำจ้อยคุรุราษฎร์รังสรรค์','SR18158184','เลิงใต้','โกสุมพิสัย','มหาสารคาม','16.2059909,103.1367774','182.53.49.44','Enable','Enable',NULL),('Si202','202','202-OT','โรงเรียนบ้านหนองซอน','SR18158183','หนองซอน','เชียงยืน','มหาสารคาม','16.34581211,103.1260818','1.20.156.41','Enable','Enable',NULL),('Si203','203','203-SC','โรงเรียนชุมชนบ้านหนองบัว','SR18158182','หนองบัว','ดงหลวง','มุกดาหาร','16.812518,104.579571','125.26.178.50','Enable','Enable',NULL),('Si204','204','204-OT','ศูนย์ส่งเสริมการเรียนรู้ระดับตำบลศรีบุญเรือง','SR18158337','ศรีบุญเรือง','เมืองมุกดาหาร','มุกดาหาร','16.537319,104.717351','','Enable','Enable',NULL),('Si205','205','205-SC','โรงเรียนมุกดาวิทยานุกูล','SR18158180','บางทรายใหญ่','เมืองมุกดาหาร','มุกดาหาร','16.6045292,104.7208983','','Enable','Enable',NULL),('Si206','206','206-SC','โรงเรียนหว้านใหญ่วิทยา','SR18158179','หว้านใหญ่','หว้านใหญ่','มุกดาหาร','16.718878,104.743421','125.26.178.26','Enable','Enable',NULL),('Si207','207','207-OT','โรงเรียนบ้านป่าเตย','SR18158178','นาอุดม','นิคมคำสร้อย','มุกดาหาร','16.2549115,104.5910303','125.26.178.25','Enable','Enable',NULL),('Si208','208','208-OT','องค์การบริหารส่วนตำบลโนนยาง','SR18158177','โนนยาง','หนองสูง','มุกดาหาร','16.491959,104.311882','125.26.178.49','Enable','Enable',NULL),('Si209','209','209-SC','โรงเรียนบ้านหนองยาง','SR18158176','หัวเมือง','มหาชนะชัย','ยโสธร','15.5539044,104.2139492','','Enable','Enable',NULL),('Si210','210','210-OT','ตำบลกุดแห่','SR18158175','กุดแห่','เลิงนกทา','ยโสธร','16.2554202,104.5088002','','Enable','Enable',NULL),('Si211','211','211-OT','วัดบูรพา บ้านทุ่งแต้','SR18158174','ทุ่งแต้','เมืองยโสธร','ยโสธร','15.8958283,104.185551','','Enable','Enable',NULL),('Si212','212','212-OT','องค์การบริหารส่วนตำบลน้ำคำ','SR18158173','น้ำคำ','ไทยเจริญ','ยโสธร','16.0285632,104.5074935','','Enable','Enable',NULL),('Si213','213','213-SC','โรงเรียนอนุบาลเมืองเสลภูมิ','SR18158167','กลาง','เสลภูมิ','ร้อยเอ็ด','16.0285579,103.9368358','1.20.217.8','Enable','Enable',NULL),('Si214','214','214-SC','โรงเรียนทรายทองวิทยา','SR18158166','โพนทราย','โพนทราย','ร้อยเอ็ด','15.489299,104.007758','101.108.94.139','Enable','Enable',NULL),('Si215','215','215-SC','โรงเรียนน้ำคำสมศรี','SR18158165','โนนชัยศรี','โพนทอง','ร้อยเอ็ด','16.1938573,103.9579024','1.20.217.21','Enable','Enable',NULL),('Si216','216','216-SC','โรงเรียนเมืองสุวรรณภูมิ','SR18158164','สระคู','สุวรรณภูมิ','ร้อยเอ็ด','15.5970925,103.7969619','101.108.94.133','Enable','Enable',NULL),('Si217','217','217-SC','โรงเรียนบ้านหินกอง','SR18158332','ทุ่งหลวง','สุวรรณภูมิ','ร้อยเอ็ด','15.65538442,103.7403246','182.53.49.71','Enable','Enable',NULL),('Si218','218','218-SC','โรงเรียนเชียงใหม่ประชานุสรณ์','SR18158162','เชียงใหม่','โพธิ์ชัย','ร้อยเอ็ด','16.2389868,103.8119094','1.20.217.19','Enable','Enable',NULL),('Si219','219','219-SC','โรงเรียนเชียงขวัญพิทยาคม','SR18158161','เชียงขวัญ','เชียงขวัญ','ร้อยเอ็ด','16.16711,103.727509','1.20.156.58','Enable','Enable',NULL),('Si220','220','220-SC','โรงเรียนไทยรัฐวิทยา 36 (บ้านบะตากา)','SR18158160','หนองใหญ่','โพนทอง','ร้อยเอ็ด','16.375136,103.998018','1.20.217.12','Enable','Enable',NULL),('Si221','221','221-SC','โรงเรียนบ้านคูเมืองสามัคคีวิทยา','SR18158159','ท่าสีดา','หนองพอก','ร้อยเอ็ด','16.189768,104.1867251','1.20.217.67','Enable','Enable',NULL),('Si222','222','222-OT','วัดเกาะตาเถียร','SR18162082','ไม้งาม','เมืองตาก','ตาก','16.9128349,99.091604','','Enable','Enable',NULL),('Si223','223','223-SC','โรงเรียนพนมไพรวิทยาคาร','SR18158158','พนมไพร','พนมไพร','ร้อยเอ็ด','15.6813889,104.1023904','101.108.94.130','Enable','Enable',NULL),('Si224','224','224-SC','โรงเรียนบ้านโสกเชือก(คุรุราษฎร์อำนวย)','SR18161117','โพธิ์สัย','ศรีสมเด็จ','ร้อยเอ็ด','16.1183035,103.4896113','180.180.146.70','Enable','Enable',NULL),('Si225','225','225-OT','ห้องสมุดประชาชนอำเภอจอมพระ','SR18158058','จอมพระ','จอมพระ','สุรินทร์','15.1049812,103.5962002','1.1.182.117','Enable','Enable',NULL),('Si226','226','226-OT','ศูนย์ส่งเสริมการเรียนรู้ระดับอําเภอรัษฎา','SR18158322','คลองปาง','รัษฎา','ตรัง','','','Enable','Enable',NULL),('Si227','227','227-OT','ห้องสมุดประชาชนอำเภอเกษตรวิสัย','SR18158157','เกษตรวิสัย','เกษตรวิสัย','ร้อยเอ็ด','15.656957,103.579122','','Enable','Enable',NULL),('Si228','228','228-OT','วัดโพธิการาม','SR18158439','โพนสูง','ปทุมรัตน์','ร้อยเอ็ด','15.66845299,103.4285012','101.108.94.148','Enable','Enable',NULL),('Si229','229','229-SC','โรงเรียนขุขันธ์','SR18158131','ห้วยเหนือ','ขุขันธ์','ศรีสะเกษ','14.7090029,104.1966059','1.2.236.76','Enable','Enable',NULL),('Si230','230','230-SC','โรงเรียนกุญชรศิรวิทย์','SR18158130','สำโรงพลัน','ไพรบึง','ศรีสะเกษ','14.687991,104.368552','1.2.236.55','Enable','Enable',NULL),('Si231','231','231-SC','โรงเรียนอนุบาลโพธิ์ศรีสุวรรณ','SR18158129','โดด','โพธิ์ศรีสุวรรณ','ศรีสะเกษ','15.23208508,104.0786992','1.2.236.85','Enable','Enable',NULL),('Si232','232','232-SC','โรงเรียนบ้านโนนคูณ','SR18158128','โนนคูณ','ยางชุมน้อย','ศรีสะเกษ','15.3130936,104.3637288','1.2.236.52','Enable','Enable',NULL),('Si233','233','233-SC','โรงเรียนบึงมะลูวิทยา','SR18158438','บึงมะลู','กันทรลักษณ์','ศรีสะเกษ','14.5407836,104.6744941','1.2.236.23','Enable','Enable',NULL),('Si234','234','234-SC','โรงเรียนบ้านโกทา','SR18158127','หนองอึ่ง','ราษีไศล','ศรีสะเกษ','15.2821241,104.1514565','1.2.236.83','Enable','Enable',NULL),('Si235','235','235-SC','โรงเรียนขุนหาญวิทยาสรรค์','SR18158126','สิ','ขุนหาญ','ศรีสะเกษ','14.621328,104.4177792','','Enable','Enable',NULL),('Si236','236','236-SC','โรงเรียนอนุบาลอำเภอน้ำเกลี้ยง (เขิน)','SR18158125','เขิน','น้ำเกลี้ยง','ศรีสะเกษ','14.863091,104.5800745','1.2.236.50','Enable','Enable',NULL),('Si237','237','237-SC','โรงเรียนอนุบาลกันทรารมย์','SR18158124','ดูน','กันทรารมย์','ศรีสะเกษ','15.1058042,104.5722482','1.2.236.44','Enable','Enable',NULL),('Si238','238','238-SC','โรงเรียนปรางค์กู่','SR18158123','พิมาย','ปรางค์กู่','ศรีสะเกษ','14.8594735,104.0385575','1.2.236.79','Enable','Enable',NULL),('Si239','239','239-SC','โรงเรียนตะดอบวิทยา','SR18158122','ตะดอบ','เมืองศรีสะเกษ','ศรีสะเกษ','15.047024,104.417152','1.2.236.43','Enable','Enable',NULL),('Si240','240','240-SC','โรงเรียนบ้านปราสาทเยอ','SR18158121','ปราสาทเยอ','ไพรบึง','ศรีสะเกษ','14.82995172,104.3616794','182.52.31.100','Enable','Enable',NULL),('Si241','241','241-SC','โรงเรียนบ้านหนองหัวช้าง','SR18158120','ขนุน','กันทรลักษ์','ศรีสะเกษ','14.59278,104.817162','','Enable','Enable',NULL),('Si242','242','242-SC','โรงเรียนบ้านบักดอง','SR18158119','บักดอง','ขุนหาญ','ศรีสะเกษ','14.5711206,104.4463522','','Enable','Enable',NULL),('Si243','243','243-SC','โรงเรียนศรีบุญเรืองวิทยาคาร','SR18158437','ขมิ้น','เมือง สกลนคร','สกลนคร','17.2804061,104.0217855','1.20.156.42','Enable','Enable',NULL),('Si244','244','244-SC','โรงเรียนมหาราช 2','SR18158067','บ้านส้อง','เวียงสระ','สุราษฎร์ธานี','','118.175.244.87','Enable','Enable',NULL),('Si245','245','245-SC','โรงเรียนเทพสวัสดิ์วิทยา','SR18158118','ไร่','พรรณานิคม','สกลนคร','17.3010555,103.8393417','','Enable','Enable',NULL),('Si246','246','246-SC','โรงเรียนบ้านคำลอดพื้น','SR18158117','หนองกวั่ง','บ้านม่วง','สกลนคร','17.7680908,103.4650807','1.20.156.38','Enable','Enable',NULL),('Si247','247','247-SC','โรงเรียนบ้านวาใหญ่','SR18158116','วาใหญ่','อากาศอำนวย','สกลนคร','17.6278978,103.9478235','1.20.156.37','Enable','Enable',NULL),('Si248','248','248-SC','โรงเรียนอนุบาลคำตากล้า','SR18158115','คำตากล้า','คำตากล้า','สกลนคร','17.8493803,103.7521258','','Enable','Enable',NULL),('Si249','249','249-SC','โรงเรียนบ้านเดื่อศรีคันไชย','SR18158114','เดื่อศรีคันไชย','วานรนิวาส','สกลนคร','17.44984649,103.7256597','1.20.156.47','Enable','Enable',NULL),('Si250','250','250-SC','โรงเรียนบ้านลาดกะเฌอ (คุรุราษฎร์ชูวิทย์)','SR18158113','ห้วยยาง','เมืองสกลนคร','สกลนคร','17.0827807,103.9813288','1.20.156.40','Enable','Enable',NULL),('Si251','251','251-SC','โรงเรียนบ้านโพนไผ่','SR18158112','วาริชภูมิ','วาริชภูมิ','สกลนคร','17.2118896,103.6500559','1.20.156.48','Enable','Enable',NULL),('Si252','252','252-SC','โรงเรียนบ้านชุมชนสร้างค้อ','SR18158111','สร้างค้อ','ภูพาน','สกลนคร','16.8622582,103.9318743','1.20.156.39','Enable','Enable',NULL),('Si253','253','253-SC','โรงเรียนโคกสีวิทยาสรรค์','SR18158110','โคกสี','สว่างแดนดิน','สกลนคร','17.6276967,103.4225615','1.20.156.56','Enable','Enable',NULL),('Si254','254','254-SC','โรงเรียนหนองหลวงศึกษา','SR18158109','หนองหลวง','สว่างแดนดิน','สกลนคร','17.4106576,103.3807278','1.20.156.57','Enable','Enable',NULL),('Si255','255','255-SC','โรงเรียนบ้านปลาหลาย','SR18158108','วานรนิวาส','วานรนิวาส','สกลนคร','17.5815712,103.7832831','1.20.156.35','Enable','Enable',NULL),('Si256','256','256-OT','เทศบาลตำบลหนองสนม','SR18162081','หนองสนม','วานรนิวาส','สกลนคร','17.5333315,103.8870758','','Enable','Enable',NULL),('Si257','257','257-OT','เทศบาลตำบลอากาศอำนวย','','อากาศ','อากาศอำนวย','สกลนคร','17.5898478,103.9855194','','Enable','Enable',NULL),('Si258','258','258-SC','โรงเรียนโซงเหล่าโป่วิทยา','SR18158172','ทุ่งมน','คำเขื่อนแก้ว','ยโสธร','','','Enable','Enable',NULL),('Si259','259','259-SC','โรงเรียนบ้านหัวพี','SR18158057','พรมเทพ','ท่าตูม','สุรินทร์','15.3873778,103.6098538','1.1.182.121','Enable','Enable',NULL),('Si260','260','260-SC','โรงเรียนแตลศิริวิทยา','SR18158056','แตล','ศีขรภูมิ','สุรินทร์','15.02446587,103.7356626','1.1.183.10','Enable','Enable',NULL),('Si261','261','261-SC','โรงเรียนพญารามวิทยา','SR18158055','เพี้ยราม','เมืองสุรินทร์','สุรินทร์','15.07511605,103.4626403','1.1.183.11','Enable','Enable',NULL),('Si262','262','262-SC','โรงเรียนบ้านตางมาง','SR18158054','เกาะแก้ว','สำโรงทาบ','สุรินทร์','14.9240709,103.9200401','1.1.183.14','Enable','Enable',NULL),('Si263','263','263-SC','โรงเรียนการุญวิทยา','SR18158053','เสม็จ','สำโรงทาบ','สุรินทร์','15.10222866,103.8650556','1.1.183.15','Enable','Enable',NULL),('Si264','264','264-SC','โรงเรียนบ้านบึงขวาง','SR18158052','คาละแมะ','ศีขรภูมิ','สุรินทร์','15.091544,103.8072814','1.1.183.19','Enable','Enable',NULL),('Si265','265','265-SC','โรงเรียนกุดบงพิทยาคาร','SR18158051','กุดบง','โพนพิสัย','หนองคาย','18.1237972,103.1114228','1.20.156.30','Enable','Enable',NULL),('Si266','266','266-SC','โรงเรียนชุมชนบ้านชุมช้าง','SR18158050','ชุมช้าง','โพนพิสัย','หนองคาย','17.998825,103.080923','1.20.156.32','Enable','Enable',NULL),('Si267','267','267-SC','โรงเรียนบ้านผือ','SR18158049','บ้านผือ','โพนพิสัย','หนองคาย','17.945893,103.203569','1.20.156.33','Enable','Enable',NULL),('Si268','268','268-SC','โรงเรียนวรลาโภนุสรณ์','SR18158048','หนองปลาบาก','ศรีเชียงใหม่','หนองคาย','17.9033153,102.4826884','','Enable','Enable',NULL),('Si269','269','269-SC','โรงเรียนฝางพิทยาคม','SR18158047','บ้านฝาง','สระใคร','หนองคาย','17.6200167,102.6604886','1.20.156.31','Enable','Enable',NULL),('Si270','270','270-SC','โรงเรียนบ้านผาตั้ง','SR18158046','ผาตั้ง','สังคม','หนองคาย','18.0263719,102.3691945','','Enable','Enable',NULL),('Si271','271','271-SC','โรงเรียนโพธิ์ตากพิทยาคม','SR18158045','โพธิ์ตาก','โพธิ์ตาก','หนองคาย','17.8507889,102.4293769','','Enable','Enable',NULL),('Si272','272','272-SC','โรงเรียนโพนศิลางามวิทยา','SR18158044','บ้านถ่อน','ท่าบ่อ','หนองคาย','17.773315,102.621583','','Enable','Enable',NULL),('Si273','273','273-SC','โรงเรียนบ้านโนนแคน','SR18158031','สร้างถ่อน้อย','หัวตะพาน','อำนาจเจริญ','14.7770263,105.0777236','','Enable','Enable',NULL),('Si274','274','274-OT','ห้องสมุดประชาชนอำเภอพนา','SR18158030','พนา','พนา','อำนาจเจริญ','15.68360079,104.8465468','','Enable','Enable',NULL),('Si275','275','275-OT','ห้องสมุดประชาชนอำเภอลืออำนาจ','SR18158029','ลืออำนาจ','ลืออำนาจ','อำนาจเจริญ','15.6896417,104.6501415','','Enable','Enable',NULL),('Si276','276','276-OT','เทศบาลตำบลปทุมราชวงศา','SR18169781','นาหว้า','ปทุมราชวงศา','อำนาจเจริญ','15.894379,104.924147','','Enable','Enable',NULL),('Si277','277','277-SC','โรงเรียนบ้านหนองหัวคู','SR18158028','หนองหัวคู','บ้านผือ','อุดรธานี','17.589449,102.611143','101.108.94.193','Enable','Enable',NULL),('Si278','278','278-SC','โรงเรียนบ้านช้าง','SR18158027','นาทม','ทุ่งฝน','อุดรธานี','17.5119352,103.1919593','101.108.94.45','Enable','Enable',NULL),('Si279','279','279-SC','โรงเรียนอนุบาลบ้านเพียมิตรภาพที่ 138','SR18162080','เมืองเพีย','กุดจับ','อุดรธานี','17.423774,102.564979','101.108.94.126','Enable','Enable',NULL),('Si280','280','280-SC','โรงเรียนบ้านเชียง (ประชาเชียงเชิด)','SR18158026','บ้านเชียง','หนองหาน','อุดรธานี','17.4056225,103.2375272','101.108.94.191','Enable','Enable',NULL),('Si281','281','281-SC','โรงเรียนชุมชนบ้านหนองเม็ก','SR18158025','หนองเม็ก','หนองหาน','อุดรธานี','17.361449,103.175766','125.26.178.30','Enable','Enable',NULL),('Si282','282','282-SC','โรงเรียนอุดรธรรมานุสรณ์','SR18158024','บ้านตาด','เมืองอุดรธานี','อุดรธานี','17.30503179,102.7928679','101.108.94.185','Enable','Enable',NULL),('Si283','283','283-SC','โรงเรียนสีออศิลปศาสตร์','SR18158023','ท่าลี่','กุมภวาปี','อุดรธานี','16.952705,103.054511','','Enable','Enable',NULL),('Si284','284','284-SC','โรงเรียนบ้านหนองกุงทับม้า','SR18162079','หนองกุงทับม้า','วังสามหมอ','อุดรธานี','17.766133,102.207122','101.108.94.179','Enable','Enable',NULL),('Si285','285','285-SC','โรงเรียนบ้านตูม','SR18158022','บ้านจันทน์','บ้านดุง','อุดรธานี','17.822586,103.352427','180.180.146.200','Enable','Enable',NULL),('Si286','286','286-SC','โรงเรียนนิคมสร้างตนเองเชียงพิณ 1','SR18158021','หนองบัวบาน','หนองวัวซอ','อุดรธานี','17.3017156,102.6307035','101.108.94.164','Enable','Enable',NULL),('Si287','287','287-SC','โรงเรียนบ้านเพ็กคำบากหายโศก','SR18158020','หนองไผ่','หนองหาน','อุดรธานี','17.298293,103.043203','101.108.94.26','Enable','Enable',NULL),('Si288','288','288-OT','โรงเรียนชุมชนบ้านทุ่งตาลเลียน','SR18158019','ตาลเลียน','กุดจับ','อุดรธานี','17.420744,102.41991','101.108.94.2','Enable','Enable',NULL),('Si289','289','289-SC','โรงเรียนบ้านน้ำปู่','SR18158018','บ้านหยวก','น้ำโสม','อุดรธานี','17.680959,102.2429916','101.108.94.129','Enable','Enable',NULL),('Si290','290','290-OT','โรงเรียนชุมชนวังทอง','SR18158017','วังทอง','บ้านดุง','อุดรธานี','17.748197,103.329735','101.108.94.30','Enable','Enable',NULL),('Si291','291','291-SC','โรงเรียนบ้านโพนทอง','SR18158016','อุ่มจาน','ประจักษ์ศิลปาคม','อุดรธานี','17.238676,103.065151','101.108.94.24','Enable','Enable',NULL),('Si292','292','292-OT','โรงเรียนบ้านหนองนาคำ','SR18158015','หนองนาคำ','เมืองอุดรธานี','อุดรธานี','17.37045326,102.8930654','101.108.94.184','Enable','Enable',NULL),('Si293','293','293-OT','โรงเรียนชุมชนสามพร้าว','SR18158014','สามพร้าว','เมืองอุดรธานี','อุดรธานี','17.4454795,102.8719337','180.180.146.63','Enable','Enable',NULL),('Si294','294','294-OT','โรงเรียนบ้านนาหลวง','SR18158013','ดำด้วง','บ้านผือ','อุดรธานี','17.8753843,102.2990044','101.108.94.155','Enable','Enable',NULL),('Si295','295','295-OT','โรงเรียนยิ่งยวดพิทยานุกูล','SR18158012','บ้านยวด','สร้างคอม','อุดรธานี','17.742767,103.039413','101.108.94.215','Enable','Enable',NULL),('Si296','296','296-SC','โรงเรียนบ้านบก (มั่นสามัคคีพิทยาคาร)','SR18158000','โนนผึ้ง','วารินชำราบ','อุบลราชธานี','15.142484,104.832052','1.1.183.75','Enable','Enable',NULL),('Si297','297','297-SC','วิทยาลัยเทคนิคเขมราฐ','SR18157999','หนองนกทา','เขมราฐ','อุบลราชธานี','15.989107,105.098003','','Enable','Enable',NULL),('Si298','298','298-SC','โรงเรียนบ้านฟ้าห่วน','SR18157998','นาคำ','ศรีเมืองใหม่','อุบลราชธานี','15.528954,105.313467','1.1.182.123','Enable','Enable',NULL),('Si299','299','299-OT','ตำบลสงยาง','SR18157997','สงยาง','ศรีเมืองใหม่','อุบลราชธานี','15.568976,105.269623','','Enable','Enable',NULL),('Si300','300','300-SC','โรงเรียนวารินชำราบ','SR18157996','คำน้ำแซบ','วารินชำราบ','อุบลราชธานี','15.19578,104.831089','1.1.183.67','Enable','Enable',NULL),('Si301','301','301-SC','โรงเรียนเทศบาลบูรพาอุบล','SR18157995','ในเมือง','เมืองอุบลราชธานี','อุบลราชธานี','15.227426,104.867584','','Enable','Enable',NULL),('Si302','302','302-SC','โรงเรียนพังเคนพิทยา','SR18157994','พังเคน','นาตาล','อุบลราชธานี','15.9267463,105.1927881','','Enable','Enable',NULL),('Si303','303','303-SC','โรงเรียนบ้านตุ','SR18157993','กาบิน','กุดข้าวปุ้น','อุบลราชธานี','15.7668625,104.9485587','','Enable','Enable',NULL),('Si304','304','304-SC','โรงเรียนบ้านท่าบ่อแบง','SR18157992','ขามเปี้ย','ตระการพืชผล','อุบลราชธานี','15.509553,104.966076','','Enable','Enable',NULL),('Si305','305','305-OT','ศูนย์ส่งเสริมการเรียนรู้ระดับอําเภอม่วงสามสิบ','SR18157991','ม่วงสามสิบ','ม่วงสามสิบ','อุบลราชธานี','15.5119995,104.7260209','1.2.236.86','Enable','Enable',NULL),('Si306','306','306-OT','สำนักศาสนศึกษาวัดคำเขื่อนแก้ว','SR18157990','คำเขื่อนแก้ว','สิรินธร','แพร่','15.2201248,105.4574874','1.1.183.60','Enable','Enable',NULL),('Si307','307','307-SC','โรงเรียนพรตพิทยพยัต','SR18162078','ลาดกระบัง','เขตลาดกระบัง','กรุงเทพมหานคร','','','Enable','Enable',NULL),('Si308','308','308-SC','โรงเรียนไทยรัฐวิทยา 75 เฉลิมพระเกียรติ','SR18158385','คลองถนน','สายไหม','กรุงเทพมหานคร','13.89152104,100.6454554','182.52.149.13','Enable','Enable',NULL),('Si309','309','309-SC','โรงเรียนประชานุกูล (ขำสนิทอนุเคราะห์)','SR18158384','สายไหม','สายไหม','กรุงเทพมหานคร','13.91857691,100.6360307','182.52.149.10','Enable','Enable',NULL),('Si310','310','310-SC','โรงเรียนวัดราชโอรส','SR18158383','บางค้อ','จอมทอง','กรุงเทพมหานคร','13.7023515,100.4636414','125.25.189.10','Disable','Disable',NULL),('Si311','311','311-OT','องค์การบริหารส่วนตำบลหนองแวง','SR18158295','หนองแวง','บ้านแพง','นครพนม','','','Enable','Enable',NULL),('Si312','312','312-SC','โรงเรียนบ้านพลายชุมพล','SR18158194','พลายชุมพล','เมืองพิษณุโลก','พิษณุโลก','','','Enable','Enable',NULL),('Si313','313','313-SC','โรงเรียนรัตนโกสินทร์สมโภชลาดกระบัง','SR18158382','คลองสองต้นนุ่น','เขตลาดกระบัง','กรุงเทพมหานคร','13.7605012,100.7310809','','Enable','Enable',NULL),('Si314','314','314-OT','ชุมชนราชมนตรีร่วมใจ','SR18158381','คลองขวาง','ภาษีเจริญ','กรุงเทพมหานคร','13.73641629,100.4237126','182.52.130.98','Enable','Enable',NULL),('Si315','315','315-OT','เทศบาลตำบลขี้เหล็ก','SR18162077','เหล็ก','แม่ริม','เชียงใหม่','18.99198697,98.94514399','','Enable','Enable',NULL),('Si316','316','316-OT','ศูนย์ส่งเสริมการเรียนรู้ระดับอำเภอแม่ลาน','SR18158228','แม่ลาน','แม่ลาน','ปัตตานี','','','Enable','Enable',NULL),('Si317','317','317-OT','ศูนย์ราชการเฉลิมพระเกียรติฯ โซนซี','SR18158380','ทุ่งสองห้อง','หลักสี่','กรุงเทพมหานคร','13.8807238,100.5699342','','Enable','Enable',NULL),('Si318','318','318-OT','ศูนย์การเรียนรู้ระดับตำบลหนองตาคง','SR18157950','หนองตาคง','โป่งน้ำร้อน','จันทบุรี','13.042378,102.385999','118.173.247.210','Enable','Enable',NULL),('Si319','319','319-OT','ห้องสมุดประชาชน \"เฉลิมราชกุมารี\" อำเภอเขาคิชฌกูฏ','SR18158349','เขาคิชฌกูฏ','เขาคิชฌกูฏ','จันทบุรี','12.79368102,102.111722','125.25.184.98','Enable','Enable',NULL),('Si320','320','320-OT','ห้องสมุดประชาชนอำเภอนายายอาม','SR18157946','นายายอาม','นายายอาม','จันทบุรี','12.766908,101.851129','118.173.247.120','Enable','Enable',NULL),('Si321','321','321-OT','ห้องสมุดประชาชนอำเภอแหลมสิงห์','SR18157944','แหลมสิงห์','แหลมสิงห์','จันทบุรี','12.49137031,102.1390626','118.173.247.111','Enable','Enable',NULL),('Si322','322','322-SC','โรงเรียนเบญจมราชรังสฤษฎิ์3ชนะสงสารวิทยา','SR18158348','คลองนครเนื่องเขต','เมืองฉะเชิงเทรา','ฉะเชิงเทรา','13.75802782,100.9968068','118.173.247.167','Enable','Enable',NULL),('Si323','323','323-SC','โรงเรียนเทศบาลเทพราชบุรีรมย์','SR18158347','เทพราช','บ้านโพธิ์','ฉะเชิงเทรา','13.64781,101.00434','118.173.247.181','Enable','Enable',NULL),('Si324','324','324-SC','โรงเรียนบ้านหนองยาง','SR18158176','คู้ยายหมี','สนามชัยเขต','ฉะเชิงเทรา','13.61045056,101.5372952','','Enable','Enable',NULL),('Si325','325','325-SC','โรงเรียนวัดธารพูด (ประพันธ์ ทับ ประชาสรรค์)','SR18158345','บ้านซ่อง','พนมสารคาม','ฉะเชิงเทรา','13.82902199,101.4147786','113.53.82.75','Enable','Enable',NULL),('Si326','326','326-SC','โรงเรียนบ้านหนองประโยชน์','SR18158344','ท่าตะเกียบ','ท่าตะเกียบ','ฉะเชิงเทรา','13.50552278,101.6583327','113.53.82.65','Enable','Enable',NULL),('Si327','327','327-SC','โรงเรียนบ้านลาดกระทิง','SR18158343','ลาดกระทิง','สนามชัยเขต','ฉะเชิงเทรา','13.59376975,101.4433236','113.53.82.60','Enable','Enable',NULL),('Si328','328','328-SC','โรงเรียนชุมชนวัดโบสถ์','SR18158342','วัดโบสถ์','พนัสนิคม','ชลบุรี','13.50077728,101.160415','182.52.70.214','Enable','Enable',NULL),('Si329','329','329-OT','ศูนย์การเรียนรู้ระดับตำบลมหาชัย','','มหาชัย','เมือง','สมุทรสาคร','','','Enable','Enable',NULL),('Si330','330','330-OT','โรงเรียนวัดเขาไผ่ (เชี่ยววิทยาคุณ)','SR18158341','หนองอิรุณ','บ้านบึง','ชลบุรี','13.26543519,101.2506677','','Enable','Enable',NULL),('Si331','331','331-OT','องค์การบริหารส่วนตำบลบ่อทอง','SR18158340','บ่อทอง','บ่อทอง','ชลบุรี','13.24105194,101.4876985','182.52.70.204','Enable','Enable',NULL),('Si332','332','332-OT','ศูนย์การเรียนรู้ระดับตำบลวัดสิงห์','SR18158339','วัดสิงห์','วัดสิงห์','ชัยนาท','15.25865741,100.0406513','125.25.185.5','Enable','Enable',NULL),('Si333','333','333-OT','ห้องสมุดประชาชนอำเภอเนินขาม','SR18158338','เนินขาม','เนินขาม','ชัยนาท','14.959834,99.913948','1.20.184.3','Enable','Enable',NULL),('Si334','334','334-OT','เทศบาลตำบลมโนรมย์','SR18158181','มโนรมย์','มโนรมย์','ชัยนาท','15.3030384,100.0835317','','Enable','Enable',NULL),('Si335','335','335-OT','โรงเรียนบ้านท่าไม้','SR18158336','ท่าชัย','เมืองชัยนาท','ชัยนาท','15.1826329,100.1186942','101.108.153.8','Enable','Enable',NULL),('Si336','336','336-OT','ห้องสมุดประชาชนอำเภอเกาะกูด','SR18158317','เกาะกูด','เกาะกูด','ตราด','11.659724,102.545777','','Enable','Enable',NULL),('Si337','337','337-OT','ห้องสมุดประชาชนจังหวัดตราด','SR18158316','บางพระ','เมืองตราด','ตราด','12.240389,102.514472','180.180.123.5','Enable','Enable',NULL),('Si338','338','338-OT','ห้องสมุดประชาชนอำเภอคลองใหญ่','SR18158315','คลองใหญ่','คลองใหญ่','ตราด','11.7756192,102.8799001','','Enable','Enable',NULL),('Si339','339','339-OT','ห้องสมุดประชาชนอำเภอแหลมงอบ','SR18158314','แหลมงอบ','แหลมงอบ','ตราด','12.1717912,102.3922657','180.180.123.9','Enable','Enable',NULL),('Si340','340','340-SC','โรงเรียนนวมราชานุสรณ์','SR18158309','ท่าช้าง','เมืองนครนายก','นครนายก','14.20272773,101.204274','180.180.123.36','Enable','Enable',NULL),('Si341','341','341-SC','โรงเรียนนครนายกวิทยาคม','SR18158308','นครนายก','เมืองนครนายก','นครนายก','14.20117966,101.2177035','180.180.123.35','Enable','Enable',NULL),('Si342','342','342-SC','โรงเรียนวัดประสิทธิเวช','SR18158307','บางปลากด','องครักษ์','นครนายก','14.1639843,100.9351867','113.53.82.56','Enable','Enable',NULL),('Si343','343','343-OT','โรงเรียนบ้านเขาดิน (แสงสว่างวิทยา)','SR18158306','ศรีกระอาง','บ้านนา','นครนายก','14.32545205,101.0991893','113.53.82.40','Enable','Enable',NULL),('Si344','344','344-OT','วัดหนองโพธิ์','SR18158305','ศรีนาวา','เมืองนครนายก','นครนายก','14.2109288,101.2509141','180.180.123.32','Enable','Enable',NULL),('Si345','345','345-OT','ห้องสมุดประชาชน \"เฉลิมราชกุมารี\" อำเภอกำแพงแสน','SR18158304','กำแพงแสน','กำแพงแสน','นครปฐม','13.9852692,99.9951667','101.109.251.176','Enable','Enable',NULL),('Si346','346','346-OT','บ้านโคกพะยอม','SR18169780','โคกเตียน','เมือง','นราธิวาส','','','Enable','Enable',NULL),('Si347','347','347-OT','ห้องสมุดประชาชนอำเภอพุทธมณฑล','SR18168101','พุทธมณฑล','พุทธมณฑล','นครปฐม','13.8016796,100.3217131','118.174.183.5','Enable','Enable',NULL),('Si348','348','348-OT','ห้องสมุดประชาชน \"เฉลิมราชกุมารี\" อำเภอสามพราน','SR18158302','ไร่ขิง','สามพราน','นครปฐม','13.74111641,100.2550788','101.109.251.154','Enable','Enable',NULL),('Si349','349','349-SC','โรงเรียนวัดบ้านบน','SR18158266','ม่วงหัก','พยุหะคีรี','นครสวรรค์','15.41288975,100.1364985','125.25.185.9','Enable','Enable',NULL),('Si350','350','350-SC','โรงเรียนวัดใหม่','SR18158265','น้ำทรง','พยุหะคีรี','นครสวรรค์','15.5011549,100.1136666','','Enable','Enable',NULL),('Si351','351','351-SC','โรงเรียนเนินมะกอก','SR18158264','เนินมะกอก','พยุหะคีรี','นครสวรรค์','15.47283213,100.1689739','125.25.185.7','Enable','Enable',NULL),('Si352','352','352-OT','โรงเรียนสันติวนา','SR18162076','หนองบัว','ไชยปราการ','เชียงใหม่','','','Enable','Enable',NULL),('Si353','353','353-OT','บ้านบาโง','SR18169779','กาลิซา','ระแงะ','นราธิวาส','','','Enable','Enable',NULL),('Si354','354','354-OT','โรงเรียนวัดสนามนอก','SR18158263','วัดชลอ','บางกรวย','นนทบุรี','13.8183137,100.4385133','','Enable','Enable',NULL),('Si355','355','355-OT','องค์การบริหารส่วนตำบลกุดธาตุ','SR18162075','กุดธาตุ','หนองนาคำ','ขอนแก่น','16.8582534,102.3045893','','Enable','Enable',NULL),('Si356','356','356-OT','โรงเรียนโกสุมวิทยาสรรค์','','หัวขวาง','โกสุมพิสัย','มหาสารคาม','13.840897,100.41698','','Enable','Enable',NULL),('Si357','357','357-OT','โรงเรียนวัดอู่ข้าว','SR18158240','คลองเจ็ด','คลองหลวง','ปทุมธานี','','','Enable','Enable',NULL),('Si358','358','358-SC','โรงเรียนคลอง 11 ศาลาครุ (เที้ยมอุปถัมภ์)','SR18158239','นพรัตน์','หนองเสือ','ปทุมธานี','14.19187724,100.8468904','','Enable','Enable',NULL),('Si359','359','359-OT','ชุมชนบางพูน','SR18158238','บางพูน','เมืองปทุมธานี','ปทุมธานี','13.99684774,100.5894201','','Enable','Enable',NULL),('Si360','360','360-OT','ห้องสมุดประชาชนอำเภอสามโคก','SR18158237','สามโคก','สามโคก','ปทุมธานี','14.06122143,100.554005','182.52.149.8','Enable','Enable',NULL),('Si361','361','361-OT','โรงเรียนวัดหาดสะแก','SR18158232','ท่างาม','เมืองปราจีนบุรี','ปราจีนบุรี','14.00712971,101.4455035','1.2.248.7','Enable','Enable',NULL),('Si362','362','362-OT','ห้องสมุดประชาชนอำเภอประจันตคาม','SR18158231','ประจันตคาม','ประจันตคาม','ปราจีนบุรี','14.06420702,101.5159118','','Enable','Enable',NULL),('Si363','363','363-OT','ห้องสมุดประชาชน \"เฉลิมราชกุมารี\" อำเภอนาดี','SR18158230','นาดี','นาดี','ปราจีนบุรี','14.0923417,101.7748569','125.25.184.55','Enable','Enable',NULL),('Si364','364','364-OT','ห้องสมุดประชาชนอำเภอบ้านสร้าง','SR18158229','บ้านสร้าง','บ้านสร้าง','ปราจีนบุรี','13.99522985,101.2210345','125.26.183.112','Enable','Enable',NULL),('Si365','365','365-OT','ห้องสมุดประชาชนอำเภอนครหลวง','SR18158225','นครหลวง','นครหลวง','พระนครศรีอยุธยา','14.4759633,100.6247584','1.0.132.117','Enable','Enable',NULL),('Si366','366','366-OT','โรงเรียนวัดนาค','SR18169778','บางปะหัน','บางปะหัน','พระนครศรีอยุธยา','15.263501,105.193097','','Enable','Enable',NULL),('Si367','367','367-OT','ห้องสมุดประชาชนอำเภอลาดบัวหลวง','SR18158224','ลาดบัวหลวง','ลาดบัวหลวง','พระนครศรีอยุธยา','14.16521751,100.3080587','1.0.132.122','Enable','Enable',NULL),('Si368','368','368-OT','ศูนย์การเรียนรู้ระดับตำบลธนู','SR18158223','ธนู','อุทัย','พระนครศรีอยุธยา','14.36092602,100.6449536','1.0.132.116','Enable','Enable',NULL),('Si369','369','369-OT','องค์การบริหารส่วนตำบลน้ำคอก','SR18158153','น้ำคำอก','เมืองระยอง','ระยอง','12.70905477,101.2714644','182.52.103.139','Enable','Enable',NULL),('Si370','370','370-OT','ห้องสมุดประชาชนอำเภอเขาชะเมา','SR18158152','เขาชะเมา','เขาชะเมา','ระยอง','12.97640327,101.6864006','180.180.156.17','Enable','Enable',NULL),('Si371','371','371-OT','เทศบาลตำบลหนองบัว','','หนองบัว','บ้านค่าย','ระยอง','12.84503737,101.3125444','','Enable','Enable',NULL),('Si372','372','372-OT','ห้องสมุดประชาชนอำเภอวังจันทร์','SR18158150','วังจันทร์','วังจันทร์','ระยอง','12.93917,101.52811','180.180.156.13','Enable','Enable',NULL),('Si373','373','373-SC','โรงเรียนชัยบาดาลวิทยา','SR18158144','ลำนารายณ์','ชัยบาดาล','ลพบุรี','15.22050409,101.1462872','182.52.238.23','Enable','Enable',NULL),('Si374','374','374-OT','วัดใหม่สี่หมื่น','SR18158149','สี่หมื่น','ดำเนินสะดวก','ราชบุุรี','','','Enable','Enable',NULL),('Si375','375','375-OT','องค์การบริหารส่วนตำบลท่ามะนาว','SR18158143','ท่ามะนาว','ชัยบาดาล','ลพบุรี','15.19914909,101.1633533','','Enable','Enable',NULL),('Si376','376','376-OT','องค์การบริหารส่วนตำบลดุสิต','SR18162074','ดุสิต','ถ้ำพรรณรา','นครศรีธรรมราช','','','Enable','Enable',NULL),('Si377','377','377-OT','ศูนย์การเรียนรู้บ้านปืน 11','','ท่าแค','เมืองลพบุรี','ลพบุรี','14.88559978,100.6328469','','Enable','Enable',NULL),('Si378','378','378-OT','บ้านวังเงิน','SR18158141','เขารวก','ลำสนธิ','ลพบุรี','15.39102492,101.3620651','182.52.238.27','Enable','Enable',NULL),('Si379','379','379-OT','ห้องสมุดประชาชนอำเภอท่าวุ้ง','SR18158140','ท่าวุ้ง','ท่าวุ้ง','ลพบุรี','14.81638385,100.5109998','182.52.238.26','Enable','Enable',NULL),('Si380','380','380-OT','ห้องสมุดประชาชนอำเภอหนองม่วง','SR18158139','หนองม่วง','หนองม่วง','ลพบุรี','15.23345687,100.6538616','1.0.132.44','Enable','Enable',NULL),('Si381','381','381-OT','ศูนย์ราชการเทศบาลตำบลบางพลี','','บางพลี','บางพลี','สมุทรปราการ','13.60592508,100.7068468','','Enable','Enable',NULL),('Si382','382','382-OT','ห้องสมุดประชาชนอำเภอบางบ่อ','SR18158100','บางบ่อ','บางบ่อ','สมุทรปราการ','13.57700103,100.854811','1.179.232.45','Enable','Enable',NULL),('Si383','383','383-OT','ชุมชนไชยานุภาพ','SR18169777','ในเมืือง','เมือง','พิษณุุโลก','','','Enable','Enable',NULL),('Si384','384','384-OT','เทศบาลตำบลวังผาง','SR18169776','วังผาง','เวีียงหนองล่อง','ลำพูน','','','Enable','Enable',NULL),('Si385','385','385-SC','โรงเรียนซับม่วงวิทยา 89','SR18158093','โคคลาน','ตาพระยา','สระแก้ว','13.98976209,102.6493496','','Enable','Enable',NULL),('Si386','386','386-OT','องค์การบริหารส่วนตำบลทัพไทย','SR18158092','ทัพไทย','ตาพระยา','สระแก้ว','14.0718,102.81229','','Enable','Enable',NULL),('Si387','387','387-OT','ห้องสมุดประชาชนจังหวัดสระแก้ว','SR18158091','สระแก้ว','เมืองสระแก้ว','สระแก้ว','13.82105565,102.0730728','118.173.247.150','Enable','Enable',NULL),('Si388','388','388-OT','ห้องสมุดประชาชนอำเภอวังน้ำเย็น','','วังน้ำเย็น','วังน้ำเย็น','สระแก้ว','13.498868,102.182026','','Enable','Enable',NULL),('Si389','389','389-SC','โรงเรียนสองคอนวิทยาคม','SR18158089','สองคอน','แก่งคอย','สระบุรี','14.60699864,101.0085957','1.0.132.124','Enable','Enable',NULL),('Si390','390','390-SC','โรงเรียนบ้านโคกสะอาด','SR18158088','ตาลเดี่ยว','แก่งคอย','สระบุรี','14.56685427,101.0053931','1.0.132.123','Enable','Enable',NULL),('Si391','391','391-OT','โรงเรียนบ้านธารทองแดง','SR18158087','พุคำจาน','พระพุทธบาท','สระบุรี','14.710546,100.834946','1.0.132.135','Enable','Enable',NULL),('Si392','392','392-OT','สำนักงานเทศบาลตำบลวิหารแดง','SR18158086','หนองสรวง','วิหารแดง','สระบุรี','14.34558637,100.9893382','','Enable','Enable',NULL),('Si393','393','393-OT','องค์การบริหารส่วนตำบลกลาย','SR18162073','กลาย','ท่าศาลา','นครศรีธรรมราช','14.7996373,100.3105693','','Enable','Enable',NULL),('Si394','394','394-OT','โรงเรียนวัดเตย','SR18158085','พระงาม','พรหมบุรี','สิงห์บุรี','14.76127356,100.4398887','182.52.238.2','Enable','Enable',NULL),('Si395','395','395-OT','โรงเรียนอนุบาลพรหมบุรี (วัดกุฎีทอง)','SR18158084','บางน้ำเชี่ยว','พรหมบุรี','สิงห์บุรี','14.78939031,100.4538128','182.52.238.3','Enable','Enable',NULL),('Si396','396','396-OT','ห้องสมุดประชาชนอำเภอท่าช้าง','SR18158083','ท่าช้าง','ท่าช้าง','สิงห์บุรี','14.78000321,100.4026702','182.52.104.89','Enable','Enable',NULL),('Si397','397','397-OT','เทศบาลตำบลบางจัก','SR18158036','บางจัก','วิเศษชัยชาญ','อ่างทอง','14.5214709,100.3688369','','Enable','Enable',NULL),('Si398','398','398-OT','วัดสันปู่สี','SR18162072','แดนชุมพล','สอง','แพร่','','','Enable','Enable',NULL),('Si399','399','399-SC','โรงเรียนบางเสด็จวิทยาคม','SR18158035','บางเสด็จ','ป่าโมก','อ่างทอง','14.45649797,100.4650689','','Enable','Enable',NULL),('Si400','400','400-SC','โรงเรียนวัดศรีมหาโพธิ (วิบูลธรรมอุปการ)','SR18158034','โรงช้าง','ป่าโมก','อ่างทอง','14.49474803,100.4606418','','Enable','Enable',NULL),('Si401','401','401-OT','ห้องสมุดประชาชนอำเภอโพธิ์ทอง','SR18158033','โพธิ์ทอง','โพธิ์ทอง','อ่างทอง','14.66149121,100.4088577','','Enable','Enable',NULL),('Si402','402','402-OT','ห้องสมุดประชาชนจังหวัดอ่างทอง','SR18158032','บางแก้ว','เมืองอ่างทอง','อ่างทอง','14.58933747,100.4545298','','Enable','Enable',NULL),('Si403','403','403-OT','โรงเรียนหนองฉางวิทยา','SR18158002','หนองฉาง','หนองฉาง','อุทัยธานี','15.38140161,99.85466434','1.1.249.9','Enable','Enable',NULL),('Si404','404','404-OT','โรงเรียนสมอทองปทีปพลีผลอุปถัมภ์','SR18169775','ทองหลาง','ห้วยคต','อุทัยธานี','15.3884328,101.4476766','','Enable','Enable',NULL),('Si405','405','405-OT','โรงเรียนหนองบัวระเหววิทยาคาร','SR18169774','หนองบัวระเหว','หนองบัวระเหว','ชัยภูมิ','15.7370403,101.771146','','Enable','Enable',NULL),('Si406','406','406-OT','โรงเรียนบ้านตะแบกงาม','','วังซ่าน','แม่วงก์','นครสวรรค์์','','','Enable','Enable',NULL),('Si407','407','407-OT','สำนักงานเทศบาลตำบลปลายพระยา','SR18158389','ปลายพระยา','ปลายพระยา','กระบี่','8.532757619,98.8638115','101.109.255.80','Enable','Enable',NULL),('Si408','408','408-OT','องค์การบริหารส่วนตำบลโคกหาร','','โคกหาร','เขาพนม','กระบี่','8.197463302,99.30769767','','Enable','Enable',NULL),('Si409','409','409-OT','องค์การบริหารส่วนตำบลเกาะกลาง','SR18158387','เกาะกลาง','เกาะลันตา','กระบี่','7.729407825,99.09131267','101.109.255.77','Enable','Enable',NULL),('Si410','410','410-OT','สำนักงานเทศบาลตำบลเกาะลันตาใหญ่','SR18158386','เกาะลันตาใหญ่','เกาะลันตา','กระบี่','7.546070173,99.04607124','101.109.255.82','Enable','Enable',NULL),('Si411','411','411-SC','โรงเรียนวัดยางเกาะ','SR18158379','กลอนโด','ด่านมะขามเตี้ย','กาญจนบุรี','13.90059923,99.46006438','101.109.251.124','Enable','Enable',NULL),('Si412','412','412-SC','โรงเรียนบ้านทุ่งนาวิทยา','SR18158001','เขาบางแกรก','หนองฉาง','อุทัยธานี','','1.20.184.7','Enable','Enable',NULL),('Si413','413','413-SC','โรงเรียนวัดใหม่ภูมิเจริญ','SR18158378','หนองโสน','เลาขวัญ','กาญจนบุรี','14.63360874,99.67245745','118.172.207.12','Enable','Enable',NULL),('Si414','414','414-SC','โรงเรียนบ้านแก่งหลวง','SR18158377','เกาะสำโรง','เมืองกาญจนบุรี','กาญจนบุรี','13.93923292,99.495826','125.26.234.144','Enable','Enable',NULL),('Si415','415','415-SC','โรงเรียนบ้านท่าทุ่ม','SR18158376','วังด้ง','เมืองกาญจนบุรี','กาญจนบุรี','14.21074255,99.34702625','118.172.207.25','Enable','Enable',NULL),('Si416','416','416-SC','โรงเรียนวัดหนองตะโก','SR18158375','เขาน้อย','ท่าม่วง','กาญจนบุรี','13.91862149,99.60226856','101.109.251.134','Enable','Enable',NULL),('Si417','417','417-SC','โรงเรียนบ้านกุยแหย่','SR18158374','ลิ่นถื่น','ทองผาภูมิ','กาญจนบุรี','14.55654,98.74441','','Enable','Enable',NULL),('Si418','418','418-SC','โรงเรียนบ้านห้วยกะทะทอง','SR18158373','ศรีมงคล','ไทรโยค','กาญจนบุรี','14.03207124,99.11971507','118.172.207.27','Enable','Enable',NULL),('Si419','419','419-OT','โรงเรียนชุมชนประชานิคม','SR18158326','ท่าแซะ','ท่าแซะ','ชุมพร','10.69769192,99.12762185','1.0.216.8','Enable','Enable',NULL),('Si420','420','420-OT','โรงเรียนบ้านน้ำลอด','SR18158325','บางน้ำจืด','หลังสวน','ชุมพร','10.02827681,99.14095628','118.175.244.58','Enable','Enable',NULL),('Si421','421','421-OT','ห้องสมุดประชาชนอำเภอทุ่งตะโก','SR18158324','ทุ่งตะโก','ทุ่งตะโก','ชุมพร','10.1103711,99.08377228','','Enable','Enable',NULL),('Si422','422','422-OT','ห้องสมุดประชาชนอำเภอพะโต๊ะ','SR18158323','พะโต๊ะ','พะโต๊ะ','ชุมพร','9.785493572,98.77826599','118.175.244.103','Enable','Enable',NULL),('Si423','423','423-OT','โรงเรียนบ้านห้วยไทร','SR18158321','บ้านโพธิ์','เมืองตรัง','ตรัง','7.635711694,99.64633942','','Enable','Enable',NULL),('Si424','424','424-OT','โรงเรียนบ้านบางคราม','SR18158320','อ่าวดง','วังวิเศษ','ตรัง','7.801261742,99.39537399','','Enable','Enable',NULL),('Si425','425','425-OT','ห้องสมุดประชาชนอำเภอนาโยง','SR18158319','นาโยง','นาโยง','ตรัง','7.558104806,99.69568971','','Enable','Enable',NULL),('Si426','426','426-OT','ห้องสมุดประชาชนอำเภอสิเกา','SR18158318','สิเกา','สิเกา','ตรัง','7.573050219,99.34402056','1.0.203.99','Enable','Enable',NULL),('Si427','427','427-OT','สำนักงานเทศบาลตำบลท่ายาง','SR18158269','ท่ายาง','ทุ่งใหญ่','นครศรีธรรมราช','8.313209649,99.36318962','118.175.244.48','Enable','Enable',NULL),('Si428','428','428-OT','องค์การบริหารส่วนตำบลสี่ขีด','SR18169773','สี่ขีด','สิชล','นครศรีธรรมราช','9.0055356,99.8274323','','Enable','Enable',NULL),('Si429','429','429-OT','สำนักงานเทศบาลตำบลขนอม','SR18158268','ขนอม','ขนอม','นครศรีธรรมราช','9.208439174,99.86478182','','Enable','Enable',NULL),('Si430','430','430-OT','องค์การบริหารส่วนตำบลท่าขึ้น','SR18162071','ท่าขึ้น','ท่าศาลา','นครศรีธรรมราช','8.711583441,99.91906648','','Enable','Enable',NULL),('Si431','431','431-OT','โรงเรียนบ้านนาเหนือ','SR18158267','ยางค้อม','พิปูน','นครศรีธรรมราช','8.520192252,99.59764854','','Enable','Enable',NULL),('Si432','432','432-OT','เทศบาลตำบลแว้ง','SR18158261','แว้ง','แว้ง','นราธิวาส','5.933938285,101.8819321','','Enable','Enable',NULL),('Si433','433','433-OT','ห้องสมุดประชาชนอำเภอสุไหงโกลก','SR18158260','สุไหงโก-ลก','สุไหงโก-ลก','นราธิวาส','6.028003919,101.9683262','1.0.128.119','Enable','Enable',NULL),('Si434','434','434-OT','ศูนย์ส่งเสริมการเรียนรู้ระดับตำบลปูโยะ','SR18162070','ปูโยะ','สุไหงโก-ลก','นราธิวาส','6.084380513,102.0088451','182.52.16.194','Enable','Enable',NULL),('Si435','435','435-OT','ชุมชนมะนารอ','SR18158259','บางนาค','เมืองนราธิวาส','นราธิวาส','6.439626159,101.8213531','182.52.16.128','Enable','Enable',NULL),('Si436','436','436-OT','มัสยิดญามิอ','SR18158258','ยี่งอ','ยี่งอ','นราธิวาส','6.40552,101.704074','182.52.16.193','Enable','Enable',NULL),('Si437','437','437-OT','ห้องสมุดประชาชนอำเภอปราณบุรี','SR18158236','ปราณบุรี','ปราณบุรี','ประจวบคีรีขันธ์','12.39442784,99.91616496','182.52.22.43','Enable','Enable',NULL),('Si438','438','438-OT','ห้องสมุดประชาชนอำเภอบางสะพานน้อย','SR18158235','บางสะพานน้อย','บางสะพานน้อย','ประจวบคีรีขันธ์','11.06928134,99.37357142','1.20.137.113','Enable','Enable',NULL),('Si439','439','439-OT','ห้องสมุดประชาชน\"เฉลิมราชกุมารี\" อำเภอบางสะพาน','','บางสะพาน','บางสะพาน','ประจวบคีรีขันธ์','11.21481166,99.51173116','','Enable','Enable',NULL),('Si440','440','440-OT','สำนักงานคณะกรรมการอิสลามประจำจังหวัดประจวบคีรีขันธ์','SR18158233','ห้วยทราย','เมืองประจวบคีรีขันธ์','ประจวบคีรีขันธ์','11.71015123,99.7156014','1.20.137.126','Enable','Enable',NULL),('Si441','441','441-OT','มัสยิดปูลากาซิง','SR18162069','กอลำ','ยะรัง','ปัตตานี','6.664890045,101.3289504','','Enable','Enable',NULL),('Si442','442','442-OT','มัสยิดแนปิแน','SR18158227','ประจัน','ยะรัง','ปัตตานี','6.804440399,101.311593','','Enable','Enable',NULL),('Si443','443','443-OT','มัสยิดอัลตักวา','SR18158440','พ่อมิ่ง','ปานาเระ','ปัตตานี','6.783673278,101.5491743','','Enable','Enable',NULL),('Si444','444','444-OT','ศูนย์ส่งเสริมการเรียนรู้ระดับอำเภอเมืองปัตตานี','SR18158226','รูสะมิแล','เมืองปัตตานี','ปัตตานี','6.891866376,101.2466797','','Enable','Enable',NULL),('Si445','445','445-OT','ศูนย์ส่งเสริมการเรียนรู้ระดับอำเภอกะปง','SR18158217','ท่านา','กะปง','พังงา','8.696529997,98.40872168','1.0.166.151','Enable','Enable',NULL),('Si446','446','446-OT','วิทยาลัยชุมชนพังงา สถานที่จัดการศึกษาตะกั่วป่า','SR18158216','ตะกั่วป่า','ตะกั่วป่า','พังงา','8.864775704,98.34228821','1.1.188.136','Enable','Enable',NULL),('Si447','447','447-OT','ชุมชนบ้านบางขยะ','SR18158215','คึกคัก','ตะกั่วป่า','พังงา','8.72285564,98.24915582','101.109.255.123','Enable','Enable',NULL),('Si448','448','448-OT','องค์การบริหารส่วนตำบลรมณีย์','SR18158214','รมณีย์','กะปง','พังงา','8.837801,98.461915','1.1.188.120','Enable','Enable',NULL),('Si449','449','449-OT','ศูนย์ส่งเสริมการเรียนรู้ระดับอําเภอศรีบรรพต','SR18158213','เขาย่า','ศรีบรรพต','พัทลุง','7.72147644,99.88342939','101.51.106.185','Enable','Enable',NULL),('Si450','450','450-OT','โรงเรียนวัดรัตนวราราม','SR18158212','ท่ามะเดื่อ','บางแก้ว','พัทลุง','7.42624789,100.1733179','','Enable','Enable',NULL),('Si451','451','451-OT','เทศบาลตำบลโตนดด้วน','SR18158211','โตนดด้วน','ควนขนุน','พัทลุง','7.714029896,100.0238799','','Enable','Enable',NULL),('Si452','452','452-OT','ห้องสมุดประชาชนอำเภอตะโหมด','SR18158210','ตะโหมด','ตะโหมด','พัทลุง','7.35372257,100.124281','','Enable','Enable',NULL),('Si453','453','453-OT','โรงเรียนแก่งกระจานวิทยา','SR18157097','วังจันทร์','แก่งกระจาน','เพชรบุรี','12.93057254,99.74429507','1.20.137.73','Enable','Enable',NULL),('Si454','454','454-OT','โรงเรียนเทศบาล 1 วัดแก่นเหล็กฯ (รัตนกะลัสอนุสรณ์)','SR18157096','คลองกระแซง','เมือง เพชรบุรี','เพชรบุรี','13.10557379,99.94579001','1.20.137.45','Enable','Enable',NULL),('Si455','455','455-OT','ห้องสมุดประชาชนอำเภอบ้านลาด','SR18157095','บ้านลาด','บ้านลาด','เพชรบุรี','13.05131322,99.91708415','1.20.137.8','Enable','Enable',NULL),('Si456','456','456-OT','ห้องสมุดประชาชนจังหวัดเพชรบุรี','SR18157094','ท่าราม','เมืองเพชรบุรี','เพชรบุรี','13.09755,99.95325324','182.52.51.58','Enable','Enable',NULL),('Si457','457','457-OT','โรงเรียนสุขสวัสดิ์','','บางจาก','พระประแดง','สมุทรปราการ','','','Enable','Enable',NULL),('Si458','458','458-OT','ศูนย์การเรียนรู้ระดับตำบลกมลา','SR18158193','กมลา','กะทู้','ภูเก็ต','7.94529,98.28689','1.1.188.87','Enable','Enable',NULL),('Si459','459','459-OT','โรงเรียนวัดบางน้ำผึ้งใน (กรุณานุยุตตาคาร)','','บางน้ำผึ้ง','พระประแดง','สมุทรปราการ','','','Enable','Enable',NULL),('Si460','460','460-OT','ศูนย์การเรียนรู้ระดับตำบลเชิงทะเล','SR18158192','เชิงทะเล','ถลาง','ภูเก็ต','7.979336,98.279739','1.1.188.83','Enable','Enable',NULL),('Si461','461','461-OT','บ้านท่าสาป','SR18158171','ท่าสาป','เมืองยะลา','ยะลา','6.537125434,101.2467624','','Enable','Enable',NULL),('Si462','462','462-OT','โรงเรียนบ้านกาลอ','SR18158170','กาลอ','รามัน','ยะลา','6.404426206,101.3716874','1.0.128.5','Enable','Enable',NULL),('Si463','463','463-OT','ห้องสมุดประชาชนจังหวัดยะลา','SR18158169','สะเตง','เมืองยะลา','ยะลา','6.556821379,101.2909631','','Enable','Enable',NULL),('Si464','464','464-OT','ศูนย์การเรียนรู้ระดับตำบลธารโต','','ธารโต','ธารโต','ยะลา','6.166961445,101.1809846','','Enable','Enable',NULL),('Si465','465','465-OT','มัสยิดกามาลุดดีน','SR18158156','กำพวน','สุขสำราญ','ระนอง','9.367758515,98.4206967','','Enable','Enable',NULL),('Si466','466','466-OT','ห้องสมุดประชาชนอำเภอกะเปอร์','SR18158155','กะเปอร์','กะเปอร์','ระนอง','9.584019181,98.59313856','','Enable','Enable',NULL),('Si467','467','467-OT','วัดวารีบรรพต (บางนอน)','SR18158154','บางนอน','เมืองระนอง','ระนอง','10.00884296,98.65854977','','Enable','Enable',NULL),('Si468','468','468-OT','ห้องสมุดประชาชนอำเภอละอุ่น','SR18162068','บางแก้ว','ละอุ่น','ระนอง','10.17935225,98.71649621','','Enable','Enable',NULL),('Si469','469','469-OT','โรงเรียนวัดใหม่ราษฎร์บำรุงเจริญธรรม','SR18158148','บ้านไร่','เมืองราชบุรี','ราชบุุรี','13.49564923,99.8584999','101.109.251.224','Enable','Enable',NULL),('Si470','470','470-OT','โรงเรียนวัดบ้านฆ้องน้อย (โทกุหลาบทิพย์ประชาสรรค์)','SR18158147','ท่าผา','บ้านโป่ง','ราชบุุรี','13.87898357,99.85466185','101.109.251.177','Enable','Enable',NULL),('Si471','471','471-OT','ห้องสมุดประชาชนอำเภอดำเนินสะดวก','SR18158146','ท่านัด','ดำเนินสะดวก','ราชบุุรี','13.552246,99.967278','101.109.251.219','Enable','Enable',NULL),('Si472','472','472-OT','ห้องสมุดประชาชนอำเภอบ้านคา','SR18158145','บ้านคา','บ้านคา','ราชบุุรี','13.42980952,99.41002561','125.26.234.155','Enable','Enable',NULL),('Si473','473','473-SC','โรงเรียนวัดนิคมประสาทมิตรภาพที่ 149','SR18158106','เกาะสะบ้า','เทพา','สงขลา','6.865362728,100.8779424','','Enable','Enable',NULL),('Si474','474','474-OT','โรงเรียนบ้านหน้าวัดโพธิ์','','คลองหอยโข่ง','คลองหอยโข่ง','สงขลา','','','Enable','Enable',NULL),('Si475','475','475-OT','โรงเรียนบ้านกลาง','SR18162067','บางเตย','เมือง','พังงา','6.915685369,100.7397843','','Enable','Enable',NULL),('Si476','476','476-OT','หอสมุดแห่งชาติกาญจนาภิเษก','SR18162066','พะวง','เมือง','สงขลา','','','Enable','Enable',NULL),('Si477','477','477-SC','โรงเรียนบ้านตะโละใส','SR18158105','ปากน้ำ','ละงู','สตูล','6.848101,99.747494','1.0.203.98','Enable','Enable',NULL),('Si478','478','478-OT','โรงเรียนบ้านราไว','SR18158104','ขอนคลาน','ทุ่งหว้า','สตูล','6.99417612,99.67580807','','Enable','Enable',NULL),('Si479','479','479-OT','ศกร.ระดับตำบลท่าแพร','','ท่าแพ','ท่าแพ','สตูล','6.788877625,99.97066131','','Enable','Enable',NULL),('Si480','480','480-OT','สภาองค์กรชุมชนตำบลละงู','','ละงู','ละงู','สตูล','6.895131224,99.82278022','','Enable','Enable',NULL),('Si481','481','481-OT','เทศบาลตำบลดอนไก่ดี','','ดอนไก่ดี','กระทุ่มแบน','สมุทรสาคร','13.63668109,100.2675913','','Enable','Enable',NULL),('Si482','482','482-OT','ห้องสมุดประชาชน\"เฉลิมราชกุมารี\"อำเภอกระทุ่มแบน','','กระทุ่มแบน','กระทุ่มแบน','สมุทรสาคร','13.65312944,100.2501134','','Enable','Enable',NULL),('Si483','483','483-OT','โรงเรียนเทพสถิตวิทยา','','วะตะแบก','เทพสถิต','ชัยภูมิ','','','Enable','Enable',NULL),('Si484','484','484-OT','เทศบาลตำบลบ้านแพ้ว','SR18158094','หลักสาม','บ้านแพ้ว','สมุทรสาคร','13.58690853,100.1037993','125.26.235.193','Enable','Enable',NULL),('Si485','485','485-OT','เทศบาลตำบลบางจะเกร็ง','','บางจะเกร็ง','เมืองสมุทรสงคราม','สมุทรสงคราม','13.38058208,100.0020367','','Enable','Enable',NULL),('Si486','486','486-OT','ห้องสมุดประชาชนจังหวัดสมุทรสงคราม','SR18158098','แม่กลอง','เมืองสมุทรสงคราม','สมุทรสงคราม','13.44783751,99.8912389','1.20.137.82','Enable','Enable',NULL),('Si487','487','487-OT','ห้องสมุดประชาชน “เฉลิมราชกุมารี” อำเภอเมืองสมุทรสงคราม','SR18158097','บ้านปรก','เมืองสมุทรสงคราม','สมุทรสงคราม','13.41891809,99.98028803','','Enable','Enable',NULL),('Si488','488','488-OT','โรงเรียนบ้านถิ่นสำราญ','','โพธิ์ไทร','พิบูลมังสาหาร','อุบลราชธานี','','','Enable','Enable',NULL),('Si489','489','489-OT','ห้องสมุดประชาชนจังหวัดสุพรรณบุรี','SR18158071','ท่าพี่เลี้ยง','เมืองสุพรรณบุรี','สุพรรณบุรี','14.47430899,100.1192223','','Enable','Enable',NULL),('Si490','490','490-OT','ห้องสมุดประชาชน “เฉลิมราชกุมารี” อำเภอดอนเจดีย์','SR18158070','ดอนเจดีย์','ดอนเจดีย์','สุพรรณบุรี','14.63348484,100.0237714','','Enable','Enable',NULL),('Si491','491','491-OT','ห้องสมุดประชาชนอำเภอสองพี่น้อง','SR18158069','สองพี่น้อง','สองพี่น้อง','สุพรรณบุรี','14.22927027,100.032132','','Enable','Enable',NULL),('Si492','492','492-OT','ห้องสมุดประชาชนอำเภออู่ทอง','SR18158068','อู่ทอง','อู่ทอง','สุพรรณบุรี','14.37744903,99.89261844','','Enable','Enable',NULL),('Si493','493','493-OT','ชุมชนบ้านปาก-ลาง','SR18158066','ตะกุกใต้','วิภาวดี','สุราษฎร์ธานี','9.238891873,98.97787879','','Enable','Enable',NULL),('Si494','494','494-OT','โรงเรียนวัดสมัยสุวรรณ','SR18158065','สองแพรก','ชัยบุรี','สุราษฎร์ธานี','8.507491978,99.09471412','118.175.244.86','Enable','Enable',NULL),('Si495','495','495-OT','โรงเรียนชุมชนบ้านช่องม้าเหลียว','SR18158064','พังกาญจน์','พนม','สุราษฎร์ธานี','8.864745493,98.81607557','101.109.255.90','Enable','Enable',NULL),('Si496','496','496-SC','โรงเรียนบ้านสาคูมิตรภาพที่ 195','SR18158063','ตำบลสาคู','พระแสง','สุราษฎร์ธานี','8.560335262,99.16686436','','Enable','Enable',NULL),('Si497','497','497-OT','โรงเรียนวัดตรณาธรรม','SR18158062','ท่าข้าม','พุนพิน','สุราษฎร์ธานี','9.110980141,99.23048115','118.175.244.38','Enable','Enable',NULL),('Si498','498','498-OT','โรงเรียนวัดอัมพาราม','SR18158061','คลองไทร','ท่าฉาง','สุราษฎร์ธานี','9.19444102,99.15229111','','Enable','Enable',NULL),('Si499','499','499-OT','ห้องสมุดประชาชนอำเภอท่าชนะ','SR18158060','ท่าชนะ','ท่าชนะ','สุราษฎร์ธานี','9.567878494,99.16967169','1.1.188.137','Enable','Enable',NULL),('Si500','500','500-OT','ห้องสมุดประชาชนอำเภอบ้านนาสาร','SR18158059','บ้านนาสาร','บ้านนาสาร','สุราษฎร์ธานี','8.803869,99.364904','118.175.244.75','Enable','Enable',NULL),('Si998','998','998-DE','สำนักงานคณะกรรมการดิจิทัลเพื่อเศรษฐกิจและสังคมแห่งชาติ',NULL,NULL,NULL,NULL,NULL,'182.52.17.61','Enable','Enable',NULL),('Si999','999','999-MS','MS-Siam Tower',NULL,NULL,NULL,NULL,'13.6863724,100.5471924','182.52.128.115','Disable','Disable',NULL);
/*!40000 ALTER TABLE `site_tb` ENABLE KEYS */;
UNLOCK TABLES;
/*!40103 SET TIME_ZONE=@OLD_TIME_ZONE */;

/*!40101 SET SQL_MODE=@OLD_SQL_MODE */;
/*!40014 SET FOREIGN_KEY_CHECKS=@OLD_FOREIGN_KEY_CHECKS */;
/*!40014 SET UNIQUE_CHECKS=@OLD_UNIQUE_CHECKS */;
/*!40101 SET CHARACTER_SET_CLIENT=@OLD_CHARACTER_SET_CLIENT */;
/*!40101 SET CHARACTER_SET_RESULTS=@OLD_CHARACTER_SET_RESULTS */;
/*!40101 SET COLLATION_CONNECTION=@OLD_COLLATION_CONNECTION */;
/*!40111 SET SQL_NOTES=@OLD_SQL_NOTES */;

-- Dump completed on 2026-05-20 18:09:25
